Signal,Final Equity,Total Return,Max Drawdown,Ticker
rsma_50100150,10262.667200000004,2.626672000000041,-5.02067127486418,A2A.MI
rbo_20,10245.147199999989,2.4514719999998658,-3.145206391850702,A2A.MI
rema_50100150,10062.068399999993,0.620683999999927,-2.132009986234745,A2A.MI
rsma_100150,9934.317600000004,-0.6568239999999559,-2.0579343699787374,A2A.MI
rtt_5020,9917.869799999986,-0.8213020000001459,-2.1585662743540457,A2A.MI
rrg,9881.947100000009,-1.1805289999999191,-2.982305240440621,A2A.MI
rbo_50,9769.293599999994,-2.307064000000058,-3.4500553227327826,A2A.MI
rema_50100,9660.810099999992,-3.391899000000065,-4.672214377210116,A2A.MI
rbo_100,9617.287600000012,-3.827123999999871,-5.628177444081146,A2A.MI
rema_100150,9560.835000000008,-4.391649999999913,-5.338372451174925,A2A.MI
rsma_50100,9515.626400000005,-4.843735999999954,-6.255922818999385,A2A.MI
rsma_100150,10588.997499999992,5.889974999999925,-6.152221292996543,AMP.MI
rema_100150,10588.997499999992,5.889974999999925,-6.152221292996543,AMP.MI
rrg,10561.6378,5.6163779999999885,-5.508717066527905,AMP.MI
rbo_100,10463.776200000002,4.637762000000012,-5.693012071980632,AMP.MI
rbo_20,10362.414899999989,3.624148999999899,-5.841315166541048,AMP.MI
rema_50100,10334.850200000006,3.348502000000053,-5.76390504984391,AMP.MI
rtt_5020,10250.425200000003,2.5042520000000623,-4.527859458621788,AMP.MI
rsma_50100,10188.393899999995,1.883938999999968,-5.026513973192874,AMP.MI
rbo_50,10022.151200000011,0.2215120000001347,-4.359922087702415,AMP.MI
rsma_50100150,9666.212999999996,-3.3378700000000427,-4.919459999999963,AMP.MI
rema_50100150,9411.002500000008,-5.889974999999925,-6.498734978916898,AMP.MI
rsma_50100,10308.413099999982,3.0841309999998234,-4.088244916238992,ANIM.MI
rsma_50100150,10291.49000000001,2.914900000000098,-3.3558788818671235,ANIM.MI
rbo_100,10257.748200000004,2.577482000000053,-3.934173094062655,ANIM.MI
rbo_20,10212.083799999991,2.120837999999936,-3.682345928450404,ANIM.MI
rtt_5020,10124.6745,1.2467449999999936,-3.4059526759246923,ANIM.MI
rema_50100,10118.792200000014,1.1879220000001522,-3.934173094062655,ANIM.MI
rema_50100150,10110.797100000003,1.107971000000041,-3.726812452571335,ANIM.MI
rbo_50,10077.94350000002,0.7794350000001948,-3.485920002525607,ANIM.MI
rema_100150,10075.427700000011,0.7542770000001253,-3.726812452571335,ANIM.MI
rsma_100150,10043.00930000001,0.430093000000098,-3.726812452571335,ANIM.MI
rrg,10008.560000000016,0.0856000000001522,-1.079079725843538,ANIM.MI
rrg,10276.052400000017,2.760524000000175,-3.1524272326078697,AZM.MI
rema_50100150,10181.9055,1.819054999999992,-2.7595958475940066,AZM.MI
rema_50100,10087.69279999998,0.8769279999997881,-1.932100366767505,AZM.MI
rsma_50100150,10077.407199999992,0.7740719999999257,-1.8464528716650137,AZM.MI
rema_100150,10060.961800000008,0.6096180000000784,-1.6318533839720015,AZM.MI
rbo_100,10049.936000000003,0.4993600000000597,-2.132788947419823,AZM.MI
rsma_50100,10022.40319999999,0.2240319999998963,-1.859681308058148,AZM.MI
rbo_50,9967.485600000002,-0.3251439999999772,-2.2628675101725557,AZM.MI
rsma_100150,9824.372800000008,-1.7562719999999143,-3.165244890232133,AZM.MI
rtt_5020,9814.525899999982,-1.8547410000001816,-2.271414187782271,AZM.MI
rbo_20,9773.877899999994,-2.2612210000000577,-3.563975946485835,AZM.MI
rrg,10836.774099999988,8.367740999999885,-8.296250043237192,BAMI.MI
rema_100150,10706.738199999996,7.067381999999967,-7.919729977803954,BAMI.MI
rema_50100150,10706.738199999996,7.067381999999967,-7.919729977803954,BAMI.MI
rema_50100,10654.156000000014,6.541560000000146,-7.503307041691633,BAMI.MI
rbo_100,10646.99769999999,6.469976999999916,-7.187181582255595,BAMI.MI
rbo_50,10600.864799999988,6.008647999999894,-6.262915798489331,BAMI.MI
rsma_50100150,10459.395399999989,4.593953999999889,-6.0202144797674,BAMI.MI
rtt_5020,10319.993999999992,3.1999399999999234,-4.862236141595817,BAMI.MI
rsma_100150,10260.636600000007,2.606366000000082,-4.813832581318329,BAMI.MI
rsma_50100,10198.672700000005,1.9867270000000212,-5.246612981331048,BAMI.MI
rbo_20,9964.333499999992,-0.356665000000067,-4.932479798153912,BAMI.MI
rsma_50100,10269.882000000016,2.6988200000001683,-3.545846388403088,BC.MI
rema_50100,10193.481800000003,1.934818000000038,-2.8353225033726144,BC.MI
rbo_100,10141.542000000009,1.4154200000000785,-3.165503286149032,BC.MI
rbo_50,10091.1286,0.9112860000000113,-3.762830108916,BC.MI
rrg,10023.205399999995,0.2320539999999704,-2.8632136779030115,BC.MI
rtt_5020,9972.3022,-0.2769779999999944,-2.523780344339917,BC.MI
rbo_20,9943.1343,-0.5686570000000057,-3.407068478070665,BC.MI
rema_100150,9938.536999999998,-0.614630000000016,-3.760684906608952,BC.MI
rsma_100150,9850.644799999993,-1.4935520000000757,-4.519832884264258,BC.MI
rsma_50100150,9690.78529999999,-3.092147000000101,-4.300547738352337,BC.MI
rema_50100150,9670.346400000004,-3.296535999999961,-4.42017130581802,BC.MI
rbo_50,10225.496200000003,2.254962000000038,-3.3634121407648814,BGN.MI
rtt_5020,10103.660999999982,1.0366099999998155,-1.7216968991413946,BGN.MI
rbo_100,10065.587100000012,0.6558710000001078,-2.634978026725156,BGN.MI
rema_50100150,10062.090900000012,0.6209090000001138,-2.1721694790059627,BGN.MI
rema_50100,10058.37780000001,0.5837780000000903,-2.634978026725156,BGN.MI
rsma_50100150,10043.514500000008,0.4351450000000811,-2.360453538021256,BGN.MI
rsma_50100,10035.4299,0.3542990000000134,-2.84219230464037,BGN.MI
rrg,10009.732999999998,0.0973299999999843,-1.7367992877683092,BGN.MI
rema_100150,9970.198100000014,-0.2980189999998606,-2.294725338212629,BGN.MI
rsma_100150,9958.713099999995,-0.4128690000000268,-2.4892528255856243,BGN.MI
rbo_20,9950.264499999974,-0.4973550000002658,-2.3094605738328755,BGN.MI
rema_50100150,10499.564799999986,4.995647999999853,-5.054565311121763,BMED.MI
rsma_100150,10499.564799999986,4.995647999999853,-5.054565311121763,BMED.MI
rsma_50100150,10499.564799999986,4.995647999999853,-5.054565311121763,BMED.MI
rema_100150,10499.564799999986,4.995647999999853,-5.054565311121763,BMED.MI
rema_50100,10486.36639999999,4.86366399999989,-5.114922228838758,BMED.MI
rsma_50100,10486.36639999999,4.86366399999989,-5.114922228838758,BMED.MI
rbo_100,10475.386199999986,4.753861999999853,-4.953867470055828,BMED.MI
rbo_50,10271.590499999991,2.7159049999999407,-3.2571421919922563,BMED.MI
rrg,10249.88859999999,2.4988859999999,-2.707205573619274,BMED.MI
rtt_5020,10055.445500000013,0.5544550000001314,-1.813547632333412,BMED.MI
rbo_20,9946.865100000006,-0.5313489999999366,-2.0510819894020957,BMED.MI
rsma_50100,11017.158199999993,10.171581999999924,-9.600297833610016,BPE.MI
rema_50100,11017.158199999993,10.171581999999924,-9.600297833610016,BPE.MI
rrg,11016.48499999999,10.164849999999891,-9.24197691005786,BPE.MI
rema_100150,10863.3955,8.633954999999993,-8.679487918855607,BPE.MI
rsma_50100150,10863.3955,8.633954999999993,-8.679487918855607,BPE.MI
rema_50100150,10863.3955,8.633954999999993,-8.679487918855607,BPE.MI
rsma_100150,10863.3955,8.633954999999993,-8.679487918855607,BPE.MI
rbo_100,10525.074299999998,5.250742999999991,-5.123591384053208,BPE.MI
rbo_20,10520.942199999989,5.209421999999875,-5.282866205652062,BPE.MI
rtt_5020,10326.43660000001,3.264366000000108,-3.4399572065354,BPE.MI
rbo_50,10265.700800000002,2.657008000000016,-5.328755542470236,BPE.MI
rsma_50100150,10182.104199999996,1.8210419999999503,-4.159498851981056,BZU.MI
rrg,10134.924100000007,1.3492410000000676,-3.14787063871548,BZU.MI
rbo_20,10013.844200000003,0.1384420000000386,-3.470962187876255,BZU.MI
rtt_5020,9880.1029,-1.1989710000000042,-2.54647991972008,BZU.MI
rsma_100150,9837.469299999988,-1.6253070000001202,-4.057704649747489,BZU.MI
rema_100150,9800.303400000004,-1.996965999999956,-4.702798289022349,BZU.MI
rbo_100,9748.45420000002,-2.515457999999804,-3.676760116703489,BZU.MI
rbo_50,9663.350700000005,-3.3664929999999704,-4.857768551849605,BZU.MI
rema_50100150,9554.272399999998,-4.4572760000000216,-5.12809702320296,BZU.MI
rema_50100,9365.689000000006,-6.343109999999941,-6.614496207600844,BZU.MI
rsma_50100,9351.709300000004,-6.48290699999996,-6.6300347227855605,BZU.MI
rrg,10191.504599999991,1.9150459999999203,-3.712161537008643,CEM.MI
rema_100150,10162.801100000008,1.6280110000000736,-4.290722062415629,CEM.MI
rema_50100150,10023.833500000004,0.2383350000000339,-3.651745308354343,CEM.MI
rsma_50100150,9957.40730000002,-0.4259269999997928,-3.719068882185686,CEM.MI
rbo_20,9955.617900000005,-0.4438209999999554,-2.424549578982929,CEM.MI
rtt_5020,9924.630200000023,-0.7536979999997695,-2.2657979736719875,CEM.MI
rbo_50,9869.2784,-1.3072159999999888,-3.510313598333406,CEM.MI
rsma_50100,9818.671799999976,-1.8132820000002488,-4.155433067993995,CEM.MI
rbo_100,9784.6604,-2.1533959999999963,-4.073498530681144,CEM.MI
rema_50100,9757.046300000016,-2.4295369999998595,-3.984050307331582,CEM.MI
rsma_100150,9662.90650000002,-3.3709349999998084,-3.914359784387533,CEM.MI
rrg,10491.473499999996,4.91473499999997,-5.157488361638292,CPR.MI
rema_50100,10439.465400000016,4.394654000000164,-5.2321681076684055,CPR.MI
rema_100150,10406.583600000004,4.065836000000034,-4.770655473790538,CPR.MI
rbo_100,10208.093399999994,2.0809339999999343,-4.131448659081239,CPR.MI
rsma_100150,10155.577100000006,1.5557710000000613,-4.273782038011047,CPR.MI
rsma_50100,10052.172800000006,0.5217280000000546,-4.810766701679016,CPR.MI
rbo_50,9962.257899999986,-0.3774210000001443,-4.132096259436499,CPR.MI
rtt_5020,9929.460599999991,-0.7053940000000924,-4.213017791520452,CPR.MI
rbo_20,9821.250300000009,-1.7874969999999155,-4.400006402982378,CPR.MI
rsma_50100150,9715.530299999986,-2.8446970000001404,-4.43696091566687,CPR.MI
rema_50100150,9593.416399999996,-4.065836000000034,-4.97864767164855,CPR.MI
rsma_50100,10449.482700000008,4.494827000000079,-5.608768417744234,DIA.MI
rrg,10438.321600000014,4.383216000000134,-4.862452709896691,DIA.MI
rbo_100,10356.085100000004,3.5608510000000315,-4.572344704322169,DIA.MI
rema_50100,10340.636300000002,3.406363000000012,-4.611544523864993,DIA.MI
rema_100150,10237.976200000008,2.379762000000074,-3.82868306697176,DIA.MI
rsma_100150,10226.600000000006,2.266000000000057,-4.026415459984147,DIA.MI
rtt_5020,10162.531199999989,1.6253119999998678,-4.006491256442634,DIA.MI
rbo_50,10130.640200000003,1.306402000000051,-4.223583072844471,DIA.MI
rbo_20,10074.69249999999,0.7469249999999095,-4.450571265530007,DIA.MI
rsma_50100150,9727.776699999997,-2.722233000000052,-4.046851649246957,DIA.MI
rema_50100150,9681.78049999999,-3.1821950000000987,-4.387273915981359,DIA.MI
rema_50100150,10233.668,2.336680000000002,-4.472632553692644,ELN.MI
rsma_50100150,9949.816100000016,-0.5018389999998596,-5.027701804378636,ELN.MI
rbo_20,9938.83059999998,-0.6116940000001847,-3.610964230062341,ELN.MI
rrg,9873.836399999997,-1.2616360000000548,-3.799209147855408,ELN.MI
rema_100150,9785.193900000002,-2.148060999999979,-3.1412549323720875,ELN.MI
rsma_50100,9720.92090000001,-2.790790999999904,-4.554955347865393,ELN.MI
rtt_5020,9701.6191,-2.983809000000004,-3.388058576424207,ELN.MI
rema_50100,9659.169400000006,-3.4083059999999388,-4.454037859093458,ELN.MI
rbo_50,9622.309199999996,-3.7769080000000335,-4.800875601227035,ELN.MI
rbo_100,9564.488100000006,-4.355118999999941,-5.961254025070746,ELN.MI
rsma_100150,9307.4631,-6.925369000000014,-8.8997155815858,ELN.MI
rema_50100150,10186.880599999982,1.868805999999812,-2.620247900529562,ENAV.MI
rema_50100,10134.218299999997,1.3421829999999524,-1.8658468665293355,ENAV.MI
rrg,10032.464199999997,0.3246419999999528,-0.7880996643049344,ENAV.MI
rbo_20,10029.246200000009,0.2924620000000599,-4.263135762189238,ENAV.MI
rbo_100,10004.996500000012,0.0499650000001183,-2.018943820275804,ENAV.MI
rsma_50100150,9907.532399999998,-0.9246760000000132,-3.802159461368123,ENAV.MI
rsma_100150,9859.6913,-1.403087000000014,-3.204427659253532,ENAV.MI
rtt_5020,9837.285999999996,-1.627140000000049,-2.8267887466223582,ENAV.MI
rsma_50100,9814.584899999996,-1.8541510000000367,-4.197611772537068,ENAV.MI
rema_100150,9735.277999999997,-2.647220000000039,-3.777268870823159,ENAV.MI
rbo_50,9712.94889999999,-2.8705110000000977,-3.8052382134057514,ENAV.MI
rbo_20,10342.827899999984,3.4282789999998453,-4.008982597333746,ENEL.MI
rema_50100150,10097.020400000009,0.9702040000000745,-2.0708864923563626,ENEL.MI
rsma_50100150,10081.990800000003,0.8199080000000469,-2.352573473604392,ENEL.MI
rtt_5020,10076.571500000016,0.7657150000001556,-2.122334545661604,ENEL.MI
rrg,10018.842399999994,0.1884239999999426,-1.1466756613850826,ENEL.MI
rsma_50100,9958.66009999998,-0.4133990000001919,-2.758067553280031,ENEL.MI
rbo_50,9946.600699999995,-0.5339930000000437,-2.1930040676344804,ENEL.MI
rema_100150,9918.010800000027,-0.8198919999997223,-2.7282916517493465,ENEL.MI
rsma_100150,9842.483800000022,-1.5751619999997857,-3.1350382552428515,ENEL.MI
rema_50100,9833.023599999997,-1.6697640000000291,-3.15639855902395,ENEL.MI
rbo_100,9765.637299999997,-2.343627000000037,-3.700114171751803,ENEL.MI
rsma_100150,10178.2946,1.7829460000000186,-1.9554847626438483,ENI.MI
rema_50100,10148.461000000025,1.4846100000002416,-2.2699748696746376,ENI.MI
rema_100150,10131.656400000007,1.3165640000000869,-2.259539256069052,ENI.MI
rsma_50100150,10128.908600000028,1.2890860000002835,-1.9661516147950249,ENI.MI
rsma_50100,10118.392400000015,1.1839240000001583,-2.181366281070635,ENI.MI
rbo_100,10057.668899999986,0.5766889999998526,-2.366260513269396,ENI.MI
rrg,10051.396900000009,0.5139690000000696,-2.219558335327465,ENI.MI
rema_50100150,9908.401399999986,-0.9159860000001352,-2.302205134462976,ENI.MI
rbo_20,9828.829299999989,-1.7117070000001289,-3.456888375496235,ENI.MI
rtt_5020,9639.7668,-3.602332000000008,-3.970049205837981,ENI.MI
rbo_50,9522.621999999994,-4.773780000000061,-5.28745799181416,ENI.MI
rema_50100,10225.706699999995,2.257066999999946,-4.018545808505803,ERG.MI
rema_100150,10185.730300000025,1.8573030000002435,-3.863281226659664,ERG.MI
rbo_100,10117.62879999998,1.1762879999998033,-3.114867123500211,ERG.MI
rsma_100150,10104.617299999996,1.0461729999999614,-3.142080812614295,ERG.MI
rsma_50100,10103.695799999983,1.0369579999998324,-2.9614967642436563,ERG.MI
rsma_50100150,9962.478900000016,-0.375210999999831,-2.923979836589508,ERG.MI
rrg,9862.717799999982,-1.3728220000001734,-4.912993337385839,ERG.MI
rbo_20,9811.140100000006,-1.8885989999999355,-4.507769922432027,ERG.MI
rbo_50,9770.171199999986,-2.298288000000137,-3.929762554817282,ERG.MI
rtt_5020,9740.355099999992,-2.5964490000000677,-3.6761579957950383,ERG.MI
rema_50100150,9617.861699999974,-3.821383000000256,-4.215475494710908,ERG.MI
rrg,10237.186100000004,2.3718610000000195,-2.5513356396768745,FBK.MI
rema_50100150,10134.96509999999,1.3496509999999071,-2.3126814341433035,FBK.MI
rbo_20,10091.594399999987,0.9159439999998796,-2.676979649746638,FBK.MI
rsma_100150,9997.621200000009,-0.0237879999999357,-2.3276244232220287,FBK.MI
rema_50100,9993.898400000013,-0.0610159999998694,-1.8278774934329012,FBK.MI
rtt_5020,9967.1963,-0.328036999999981,-1.3403439671913329,FBK.MI
rbo_50,9959.8906,-0.4010939999999907,-1.842577977778548,FBK.MI
rema_100150,9912.832999999997,-0.8716700000000466,-2.057051522500104,FBK.MI
rsma_50100150,9773.149700000002,-2.2685029999999773,-3.5591526589198086,FBK.MI
rbo_100,9678.85049999999,-3.211495000000109,-4.129526871362075,FBK.MI
rsma_50100,9636.804199999984,-3.631958000000157,-4.975164008827924,FBK.MI
rbo_100,10132.75350000001,1.3275350000000907,-2.808547381139784,G.MI
rsma_50100,10131.4545,1.3145449999999892,-2.818623768032118,G.MI
rsma_50100150,10109.327800000005,1.0932780000000308,-2.579093999314708,G.MI
rsma_100150,10099.684200000009,0.9968420000000756,-2.579093999314708,G.MI
rbo_50,10076.27399999999,0.7627399999998952,-3.531891244716163,G.MI
rrg,10063.724800000004,0.6372480000000458,-2.805230079432018,G.MI
rema_50100150,10053.160199999997,0.5316019999999533,-2.579093999314708,G.MI
rema_100150,10034.30480000001,0.3430480000001124,-2.579093999314708,G.MI
rema_50100,10013.693400000016,0.136934000000144,-2.818623768032118,G.MI
rtt_5020,9976.91249999998,-0.2308750000002191,-1.725315521959845,G.MI
rbo_20,9852.90829999998,-1.4709170000001937,-1.7253896394189752,G.MI
rsma_50100,10467.345,4.673450000000012,-5.346679853067968,GVS.MI
rema_50100,10391.95580000002,3.9195580000001895,-4.482670639365828,GVS.MI
rema_100150,10355.110900000012,3.55110900000013,-4.6094160972347575,GVS.MI
rrg,10166.528200000002,1.6652820000000237,-2.843018293199772,GVS.MI
rsma_50100150,10161.386699999986,1.6138669999998578,-3.630787534783507,GVS.MI
rsma_100150,10030.543699999997,0.3054369999999418,-3.5220742668052467,GVS.MI
rbo_100,9957.495800000008,-0.42504199999992,-3.522981512549113,GVS.MI
rbo_50,9639.279500000002,-3.60720499999998,-6.831705962542569,GVS.MI
rtt_5020,9564.379199999996,-4.35620800000004,-6.161171890032435,GVS.MI
rema_50100150,9532.867899999988,-4.671321000000117,-5.877276864006445,GVS.MI
rbo_20,9448.411899999996,-5.515881000000045,-6.149466413910034,GVS.MI
rsma_50100150,10170.90880000001,1.709088000000092,-2.7405068752128665,HER.MI
rema_50100150,10138.791100000004,1.3879110000000416,-2.113230600526247,HER.MI
rrg,9999.787999999997,-0.0021200000000276,-2.967374268943927,HER.MI
rbo_50,9997.485700000005,-0.0251429999999497,-1.7894371619143732,HER.MI
rtt_5020,9930.773700000003,-0.6922629999999708,-1.7790852224908398,HER.MI
rema_50100,9917.218699999989,-0.8278130000001327,-2.788209654474228,HER.MI
rbo_20,9795.684000000008,-2.0431599999999217,-2.648367630416048,HER.MI
rsma_50100,9777.40250000002,-2.2259749999998024,-3.4157788642501656,HER.MI
rbo_100,9771.659799999994,-2.283402000000057,-3.472815128177878,HER.MI
rsma_100150,9610.815799999988,-3.891842000000123,-4.434763665521022,HER.MI
rema_100150,9604.60189999999,-3.9539810000000952,-5.14372111273222,HER.MI
rbo_100,10357.9543,3.579542999999985,-4.144108979712732,IGD.MI
rrg,10333.283899999988,3.3328389999998764,-3.654233078446025,IGD.MI
rsma_50100,10282.160600000012,2.821606000000121,-5.083379441778981,IGD.MI
rbo_20,10183.730200000004,1.837302000000052,-8.05644929735533,IGD.MI
rema_50100,10002.421799999996,0.0242179999999425,-3.531036491597471,IGD.MI
rema_50100150,9912.030200000005,-0.8796979999999732,-2.859979795041347,IGD.MI
rema_100150,9887.454799999989,-1.125452000000127,-3.387404000000006,IGD.MI
rtt_5020,9833.05630000001,-1.669436999999907,-5.5938043698997175,IGD.MI
rbo_50,9754.559399999993,-2.4544060000000867,-5.979761084673039,IGD.MI
rsma_100150,9667.682300000006,-3.323176999999944,-4.304813000000068,IGD.MI
rsma_50100150,9497.429499999997,-5.025705000000036,-5.296014000000123,IGD.MI
rrg,11535.585099999997,15.355850999999966,-16.80899397658805,IGV.MI
rsma_50100,10673.986000000015,6.739860000000175,-10.749559118769405,IGV.MI
rbo_100,10644.6905,6.446905000000003,-14.44865830429674,IGV.MI
rema_100150,10635.80140000001,6.3580140000000895,-13.354676544511792,IGV.MI
rsma_100150,10608.346900000008,6.083469000000075,-13.49304263836376,IGV.MI
rsma_50100150,10406.5105,4.065104999999991,-8.934145858265316,IGV.MI
rema_50100,10344.570500000016,3.445705000000165,-15.04081777934458,IGV.MI
rema_50100150,10277.605000000009,2.7760500000000743,-13.362772980742568,IGV.MI
rbo_50,10227.535200000011,2.2753520000001304,-9.06105128061945,IGV.MI
rtt_5020,10150.167999999992,1.5016799999999275,-5.883042059277142,IGV.MI
rbo_20,10136.61929999999,1.3661929999998934,-5.221963847818274,IGV.MI
rbo_50,10307.4684,3.074683999999994,-3.74175002483964,INW.MI
rema_100150,10295.0923,2.950922999999994,-3.899786909845715,INW.MI
rbo_100,10241.732700000008,2.41732700000008,-3.739423218520663,INW.MI
rrg,10235.1556,2.35155600000001,-3.5950570008645277,INW.MI
rbo_20,10204.423099999996,2.044230999999974,-2.7997435507313524,INW.MI
rtt_5020,10192.165699999996,1.9216569999999544,-2.4185743853044923,INW.MI
rsma_50100,10171.8034,1.7180340000000127,-2.804647470473789,INW.MI
rema_50100,9965.969900000024,-0.3403009999997652,-2.898372603292286,INW.MI
rema_50100150,9904.213700000011,-0.9578629999998922,-2.856029323325497,INW.MI
rsma_100150,9885.857500000016,-1.1414249999998405,-2.820044999999918,INW.MI
rsma_50100150,9696.859300000007,-3.0314069999999305,-3.473678999999938,INW.MI
rbo_50,10395.776099999992,3.9577609999999153,-3.94750634334046,IP.MI
rtt_5020,10254.443499999998,2.544434999999967,-3.4856325413353684,IP.MI
rbo_20,10156.513399999996,1.565133999999957,-4.112045854758468,IP.MI
rema_100150,10128.649199999983,1.2864919999998614,-4.195332924584546,IP.MI
rema_50100150,10120.91310000001,1.2091310000001076,-2.6129704420945625,IP.MI
rsma_50100,10087.013,0.8701299999999801,-2.9362835662313955,IP.MI
rsma_50100150,10028.867800000016,0.2886780000001421,-2.506657008496721,IP.MI
rema_50100,10006.316299999997,0.0631629999999772,-2.480868427264714,IP.MI
rbo_100,9863.680900000012,-1.3631909999998748,-2.8992513966201496,IP.MI
rrg,9826.6256,-1.7337439999999926,-4.789044707130223,IP.MI
rsma_100150,9783.550700000009,-2.164492999999912,-3.868474478443272,IP.MI
rbo_50,10450.785400000026,4.5078540000002665,-4.483986821579522,ISP.MI
rrg,10400.108799999987,4.001087999999897,-4.06381092005558,ISP.MI
rsma_50100,10367.573500000002,3.675735000000024,-3.850184877327218,ISP.MI
rema_50100,10367.573500000002,3.675735000000024,-3.850184877327218,ISP.MI
rbo_100,10364.70849999998,3.6470849999997945,-3.8756470815624895,ISP.MI
rtt_5020,10306.695000000009,3.06695000000008,-3.1017582602626788,ISP.MI
rsma_50100150,10303.830999999984,3.038309999999833,-3.3241198973414305,ISP.MI
rema_100150,10303.830999999984,3.038309999999833,-3.3241198973414305,ISP.MI
rsma_100150,10303.830999999984,3.038309999999833,-3.3241198973414305,ISP.MI
rema_50100150,10303.830999999984,3.038309999999833,-3.3241198973414305,ISP.MI
rbo_20,10167.102499999994,1.6710249999999371,-2.828681872524033,ISP.MI
rsma_100150,10246.964999999997,2.469649999999945,-3.52635787527689,ITW.MI
rbo_50,10148.712600000006,1.487126000000072,-3.7873324824875017,ITW.MI
rema_100150,10092.65079999999,0.9265079999998926,-3.52635787527689,ITW.MI
rbo_100,10025.488400000011,0.2548840000001107,-3.451343029821467,ITW.MI
rrg,10006.218899999996,0.062188999999968,-1.9992612792443447,ITW.MI
rema_50100150,9923.089800000012,-0.7691019999998772,-4.918675595198524,ITW.MI
rtt_5020,9892.3808,-1.0761920000000091,-4.741402189448403,ITW.MI
rema_50100,9882.001900000014,-1.1799809999998634,-5.391141514984935,ITW.MI
rsma_50100,9823.915900000007,-1.760840999999913,-5.558127985880406,ITW.MI
rsma_50100150,9635.844899999996,-3.641551000000054,-3.895622694925914,ITW.MI
rbo_20,9499.620100000018,-5.00379899999982,-7.19154188810127,ITW.MI
rrg,10295.64639999999,2.9564639999999143,-3.005346364707281,JUVE.MI
rsma_100150,10271.3482,2.7134820000000115,-4.848420082577248,JUVE.MI
rbo_100,10137.582099999994,1.375820999999933,-5.453577419853257,JUVE.MI
rema_100150,9855.129800000012,-1.4487019999998685,-6.661910176218856,JUVE.MI
rema_50100150,9823.593500000014,-1.7640649999998592,-5.1243985394798255,JUVE.MI
rbo_50,9803.474000000013,-1.965259999999891,-8.080579102419842,JUVE.MI
rtt_5020,9783.7574,-2.162425999999995,-5.898982611395515,JUVE.MI
rbo_20,9703.8129,-2.961871000000005,-8.517739852776716,JUVE.MI
rema_50100,9575.8318,-4.241682000000003,-7.192375500868678,JUVE.MI
rsma_50100150,9520.514499999988,-4.79485500000012,-7.004187609164446,JUVE.MI
rsma_50100,9495.578299999996,-5.04421700000004,-7.5183542107860335,JUVE.MI
rsma_50100150,10850.189100000018,8.501891000000183,-8.518091410907019,LDO.MI
rema_100150,10715.410399999995,7.154103999999961,-10.00148407151708,LDO.MI
rrg,10649.07010000001,6.49070100000011,-8.296051780964556,LDO.MI
rsma_100150,10255.8498,2.558498000000009,-7.042135417511801,LDO.MI
rbo_50,10209.0477,2.0904770000000017,-8.225402988031355,LDO.MI
rsma_50100,10176.816800000017,1.7681680000001698,-7.418348146515632,LDO.MI
rbo_100,10086.102300000011,0.8610230000001273,-7.66052221329624,LDO.MI
rema_50100150,9997.594100000017,-0.0240589999998319,-7.532575278613915,LDO.MI
rema_50100,9967.164200000014,-0.328357999999862,-7.371902370207375,LDO.MI
rtt_5020,9920.320199999993,-0.7967980000000763,-3.6649672228507546,LDO.MI
rbo_20,9676.450100000016,-3.235498999999853,-5.360366488734708,LDO.MI
rrg,10355.3106,3.553106000000006,-4.804473938443127,LUVE.MI
rema_100150,10104.917800000005,1.0491780000000397,-2.84177944695963,LUVE.MI
rsma_50100150,10075.103599999991,0.7510359999999272,-2.40003240841427,LUVE.MI
rbo_100,10046.15300000002,0.4615300000001987,-2.479527390266228,LUVE.MI
rsma_50100,10014.5934,0.1459340000000031,-2.690828863034443,LUVE.MI
rsma_100150,9961.702300000008,-0.3829769999999177,-2.354725526671379,LUVE.MI
rbo_50,9914.485600000007,-0.85514399999993,-2.7965803381698757,LUVE.MI
rema_50100,9833.129199999992,-1.6687080000000742,-3.745008755653382,LUVE.MI
rema_50100150,9796.10749999999,-2.0389250000001136,-3.715914254545971,LUVE.MI
rtt_5020,9536.397699999992,-4.636023000000078,-4.950863758885144,LUVE.MI
rbo_20,9304.3121,-6.956879000000004,-8.44390381626542,LUVE.MI
rrg,10392.159900000011,3.921599000000131,-4.0476501051734965,MARR.MI
rbo_100,10237.562000000014,2.3756200000001337,-3.1626635392324034,MARR.MI
rema_100150,10227.24000000002,2.2724000000001965,-3.0739203791662115,MARR.MI
rsma_100150,10156.169999999996,1.5616999999999548,-3.023253347161901,MARR.MI
rsma_50100,10129.962400000006,1.2996240000000547,-2.8290277296049866,MARR.MI
rema_50100,10104.181200000025,1.0418120000002196,-3.0691539195319284,MARR.MI
rsma_50100150,9938.5915,-0.6140849999999975,-1.965709424872642,MARR.MI
rbo_50,9909.75360000003,-0.9024639999997142,-2.686925999999912,MARR.MI
rbo_20,9806.172599999987,-1.9382740000001288,-4.205755794809192,MARR.MI
rtt_5020,9794.251999999997,-2.0574800000000337,-2.094867000000032,MARR.MI
rema_50100150,9645.567099999986,-3.544329000000146,-4.1468497647796445,MARR.MI
rsma_50100150,10287.113599999995,2.871135999999974,-4.1814868263922165,MB.MI
rsma_50100,10154.753199999992,1.5475319999999293,-3.246577076796848,MB.MI
rrg,10097.7467,0.9774669999999874,-3.236297026749023,MB.MI
rbo_100,9982.249800000009,-0.1775019999999183,-1.5659877078885165,MB.MI
rbo_20,9978.295700000011,-0.2170429999998724,-1.8191998355910264,MB.MI
rema_50100150,9977.449,-0.2255099999999954,-2.83653026004418,MB.MI
rtt_5020,9926.096,-0.7390400000000019,-2.430299147097275,MB.MI
rsma_100150,9874.3178,-1.256822000000013,-3.7661110314656634,MB.MI
rema_100150,9852.873599999992,-1.4712640000000832,-3.9134647195324455,MB.MI
rema_50100,9838.706099999996,-1.6129390000000463,-3.480140771930418,MB.MI
rbo_50,9816.1904,-1.838096,-4.067817766723937,MB.MI
rbo_20,10423.766000000014,4.237660000000143,-4.313543994921081,MONC.MI
rema_100150,10302.52600000002,3.0252600000002072,-3.848264249926189,MONC.MI
rsma_50100150,10210.663699999986,2.106636999999867,-4.319143893417852,MONC.MI
rrg,10183.392600000006,1.8339260000000743,-3.1004488069979126,MONC.MI
rtt_5020,10090.694400000008,0.906944000000065,-2.809157748920314,MONC.MI
rema_50100150,10037.204099999975,0.3720409999997676,-2.9475312924420742,MONC.MI
rema_50100,10025.76930000001,0.2576930000001143,-2.757186152964362,MONC.MI
rsma_100150,9895.18030000001,-1.0481969999998952,-2.924174250252386,MONC.MI
rsma_50100,9863.549400000007,-1.364505999999932,-3.300995602958824,MONC.MI
rbo_50,9841.195000000003,-1.588049999999952,-4.441985527602397,MONC.MI
rbo_100,9839.31390000001,-1.606860999999904,-3.5727557673702086,MONC.MI
rema_100150,10503.739599999986,5.037395999999861,-5.799162719812645,NEXI.MI
rsma_50100,10436.533800000005,4.36533800000003,-4.916458787994408,NEXI.MI
rema_50100,10428.401400000008,4.284014000000069,-4.920984061945798,NEXI.MI
rbo_100,10323.9458,3.239458000000006,-5.266220560872807,NEXI.MI
rbo_20,10260.142699999986,2.6014269999998563,-3.898024160137356,NEXI.MI
rrg,10141.750599999992,1.417505999999924,-4.9102041843648285,NEXI.MI
rtt_5020,10113.02530000001,1.130253000000092,-2.741890592302142,NEXI.MI
rbo_50,10095.520399999996,0.955203999999954,-4.175186775871217,NEXI.MI
rsma_100150,10068.020600000014,0.6802060000001386,-2.827225293949751,NEXI.MI
rsma_50100150,9830.089900000006,-1.6991009999999362,-2.923755581715524,NEXI.MI
rema_50100150,9583.220599999991,-4.167794000000069,-5.173562780177203,NEXI.MI
rbo_100,10414.32389999999,4.14323899999991,-4.14761058084616,OVS.MI
rema_100150,10396.009999999991,3.960099999999911,-4.237646943394552,OVS.MI
rsma_100150,10276.370099999998,2.763700999999985,-3.382834925535269,OVS.MI
rrg,10171.94339999999,1.7194339999998975,-1.7583208337552076,OVS.MI
rema_50100,10104.82490000001,1.048249000000112,-4.151163708144775,OVS.MI
rbo_50,10095.78820000001,0.9578820000001098,-2.791105483075065,OVS.MI
rsma_50100,10078.085600000017,0.7808560000001741,-4.14623049401126,OVS.MI
rema_50100150,10073.491399999994,0.7349139999999421,-4.187784855718952,OVS.MI
rsma_50100150,10069.850399999994,0.6985039999999332,-4.065671495087182,OVS.MI
rtt_5020,9777.740999999973,-2.2225900000002685,-3.266368505057112,OVS.MI
rbo_20,9478.128100000007,-5.218718999999905,-6.238831275883451,OVS.MI
rrg,10437.678199999997,4.376781999999957,-4.464261592448674,PIA.MI
rema_50100,10422.592799999984,4.2259279999998345,-4.686046567860855,PIA.MI
rema_100150,10422.260300000004,4.222603000000058,-4.6048858793219205,PIA.MI
rbo_100,10400.803200000017,4.008032000000172,-4.387878335662058,PIA.MI
rsma_100150,10277.230399999997,2.77230399999997,-4.123914043227699,PIA.MI
rsma_50100,10259.496500000008,2.5949650000000712,-4.152745281691707,PIA.MI
rbo_50,10217.134199999984,2.171341999999843,-3.897532934079468,PIA.MI
rtt_5020,10023.50169999998,0.2350169999998153,-3.610773460024889,PIA.MI
rbo_20,9845.07139999999,-1.5492860000001052,-2.786472517563068,PIA.MI
rema_50100150,9577.739699999996,-4.222603000000058,-4.791562205474767,PIA.MI
rsma_50100150,9435.040999999996,-5.6495900000000265,-6.2552116435266205,PIA.MI
rsma_50100150,10128.904399999996,1.2890439999999614,-2.4458405276776523,PIRC.MI
rema_50100150,10085.069599999992,0.8506959999999397,-2.031695915646562,PIRC.MI
rrg,10073.04439999998,0.7304439999997969,-1.725431397099554,PIRC.MI
rbo_100,10019.841200000012,0.1984120000001255,-1.6637505234135284,PIRC.MI
rema_100150,10009.570299999985,0.095702999999836,-1.6237374214379496,PIRC.MI
rsma_100150,9990.941800000008,-0.0905819999999169,-1.6033313716641544,PIRC.MI
rema_50100,9881.878300000004,-1.1812169999999569,-1.998616871795686,PIRC.MI
rsma_50100,9842.650200000002,-1.5734979999999843,-2.347826420243673,PIRC.MI
rtt_5020,9683.977399999989,-3.1602260000001103,-3.386596146048311,PIRC.MI
rbo_50,9643.789100000004,-3.5621089999999467,-3.788244218074336,PIRC.MI
rbo_20,9623.0315,-3.769684999999989,-3.94182499999999,PIRC.MI
rbo_20,10554.910700000011,5.549107000000109,-6.293750074076901,PRY.MI
rema_50100150,10538.6053,5.386053000000013,-5.390723761141293,PRY.MI
rtt_5020,10440.469199999998,4.404691999999977,-5.261538888732202,PRY.MI
rbo_50,10388.720499999989,3.887204999999861,-5.253544191066493,PRY.MI
rbo_100,10370.765600000006,3.7076560000000702,-3.852296112063386,PRY.MI
rema_50100,10339.839400000008,3.3983940000000823,-3.564720744115319,PRY.MI
rsma_50100,10333.393999999986,3.3339399999998465,-5.411638552562175,PRY.MI
rrg,10091.147799999986,0.9114779999998656,-2.5456297201135323,PRY.MI
rsma_100150,10081.593299999997,0.8159329999999576,-2.783148251781556,PRY.MI
rema_100150,9823.058500000014,-1.7694149999998632,-5.432003178576846,PRY.MI
rsma_50100150,9788.78500000001,-2.1121499999998905,-3.285200207411612,PRY.MI
rsma_50100,10521.612000000005,5.216120000000024,-4.957529321552654,PST.MI
rema_50100,10521.612000000005,5.216120000000024,-4.957529321552654,PST.MI
rbo_100,10501.777000000004,5.0177700000000325,-4.856778048134179,PST.MI
rema_50100150,10447.785699999997,4.477856999999963,-4.425472662594877,PST.MI
rema_100150,10447.785699999997,4.477856999999963,-4.425472662594877,PST.MI
rsma_50100150,10447.785699999997,4.477856999999963,-4.425472662594877,PST.MI
rsma_100150,10447.785699999997,4.477856999999963,-4.425472662594877,PST.MI
rbo_50,10397.842199999996,3.9784219999999593,-4.223422432781261,PST.MI
rrg,10319.658399999998,3.19658399999998,-3.0975676481694245,PST.MI
rtt_5020,10252.557199999996,2.525571999999965,-3.0936541832988085,PST.MI
rbo_20,10175.424900000004,1.75424900000003,-3.1376320965432463,PST.MI
rrg,10443.028999999982,4.430289999999815,-4.663262990913739,RACE.MI
rsma_100150,10424.693799999985,4.246937999999845,-4.433808280599835,RACE.MI
rsma_50100,10358.427999999994,3.584279999999951,-3.974618590211008,RACE.MI
rbo_100,10349.448999999991,3.4944899999999057,-3.86143533755335,RACE.MI
rema_50100,10268.39199999999,2.6839199999999064,-3.250117589122538,RACE.MI
rema_100150,10218.806599999987,2.188065999999877,-2.9928206335531504,RACE.MI
rbo_50,10089.111599999987,0.8911159999998697,-3.031283498601505,RACE.MI
rtt_5020,9940.531599999986,-0.5946840000001452,-2.246224341144252,RACE.MI
rbo_20,9744.094799999986,-2.5590520000001398,-3.942380864849536,RACE.MI
rema_50100150,9661.75820000001,-3.3824179999999093,-4.127510184399062,RACE.MI
rsma_50100150,9636.032200000018,-3.639677999999824,-4.57935896367658,RACE.MI
rrg,10186.960300000006,1.869603000000053,-2.765919598511634,REC.MI
rsma_100150,10166.193099999991,1.6619309999999166,-2.326191231446588,REC.MI
rbo_100,10155.948700000004,1.5594870000000371,-2.5478929304917237,REC.MI
rbo_50,10132.58120000002,1.3258120000001927,-2.211145270160631,REC.MI
rema_100150,10088.368299999998,0.8836829999999907,-2.2208294257308565,REC.MI
rema_50100,10019.718400000009,0.1971840000000835,-2.236035393366409,REC.MI
rtt_5020,9996.066000000012,-0.0393399999998878,-2.157933593720334,REC.MI
rsma_50100,9896.8742,-1.0312580000000016,-3.040871361060826,REC.MI
rbo_20,9896.829100000004,-1.0317089999999696,-3.4206882324599146,REC.MI
rsma_50100150,9810.5235,-1.8947649999999872,-3.0639632190527,REC.MI
rema_50100150,9766.712900000017,-2.332870999999848,-3.066781201678026,REC.MI
rsma_100150,10046.185299999994,0.4618529999999454,-1.6443597667788252,RWAY.MI
rsma_50100,9921.207699999984,-0.7879230000001569,-2.074077002323979,RWAY.MI
rema_100150,9899.589500000006,-1.004104999999944,-2.332918836129813,RWAY.MI
rema_50100150,9866.2565,-1.337435000000009,-2.0045733625041278,RWAY.MI
rbo_100,9847.353599999991,-1.5264640000000829,-2.6772971240835943,RWAY.MI
rsma_50100150,9834.36989999999,-1.6563010000000933,-2.156726473964937,RWAY.MI
rrg,9826.87809999999,-1.7312190000000949,-2.9729178334259982,RWAY.MI
rbo_20,9796.032699999989,-2.0396730000001084,-4.162397464211062,RWAY.MI
rema_50100,9743.8533,-2.561467000000006,-3.6412430000000495,RWAY.MI
rtt_5020,9728.278800000004,-2.7172119999999578,-3.9188195239809303,RWAY.MI
rbo_50,9726.889200000018,-2.7311079999998267,-4.044075129061951,RWAY.MI
rbo_20,10726.328700000016,7.26328700000014,-7.537686975076145,SFER.MI
rtt_5020,10585.564300000004,5.855643000000033,-5.823094616381948,SFER.MI
rbo_50,10476.0966,4.760966,-5.551409524790878,SFER.MI
rrg,10470.436899999995,4.704368999999953,-5.245310699394356,SFER.MI
rema_50100,10231.823700000004,2.318237000000045,-5.20844114027591,SFER.MI
rsma_100150,10064.108299999987,0.6410829999998979,-5.2549881938439045,SFER.MI
rbo_100,10060.5086,0.6050860000000213,-4.27574739016433,SFER.MI
rema_100150,10044.062999999987,0.4406299999998753,-5.2549881938439045,SFER.MI
rsma_50100150,9956.096199999998,-0.4390380000000138,-5.094242827477936,SFER.MI
rsma_50100,9807.729400000013,-1.9227059999998848,-5.492930070655289,SFER.MI
rema_50100150,9497.525000000003,-5.024749999999967,-5.608919371906074,SFER.MI
rbo_20,10439.404500000002,4.394045000000024,-5.926272004855683,SPM.MI
rrg,10245.13799999998,2.451379999999803,-5.387104045320709,SPM.MI
rsma_50100150,10113.544300000003,1.135443000000036,-4.470329849779331,SPM.MI
rtt_5020,9994.328500000018,-0.0567149999998184,-4.411426040150717,SPM.MI
rema_50100150,9815.755800000004,-1.8424419999999555,-4.557496999999985,SPM.MI
rbo_50,9792.443700000003,-2.075562999999969,-5.035197155765001,SPM.MI
rema_100150,9365.324899999992,-6.346751000000072,-8.667870794602772,SPM.MI
rema_50100,9362.760699999992,-6.372393000000065,-7.969231191348763,SPM.MI
rbo_100,9248.428099999996,-7.515719000000043,-8.18303900000008,SPM.MI
rsma_100150,9236.273600000017,-7.637263999999854,-7.693663999999862,SPM.MI
rsma_50100,9037.106599999988,-9.628934000000122,-10.488595979392697,SPM.MI
rsma_50100150,10193.906000000012,1.9390600000001257,-3.129511488115976,SRG.MI
rema_50100150,10188.5917,1.885917000000004,-2.279824400362314,SRG.MI
rrg,10163.726699999994,1.6372669999999312,-2.5935167134840595,SRG.MI
rbo_50,9930.546299999987,-0.6945370000001061,-1.7782655251114283,SRG.MI
rsma_100150,9805.575000000012,-1.9442499999998697,-2.6941923785819024,SRG.MI
rema_100150,9790.56900000001,-2.0943099999998998,-3.128963884912692,SRG.MI
rtt_5020,9733.726100000016,-2.6627389999998363,-3.035364398154154,SRG.MI
rsma_50100,9724.298200000005,-2.7570179999999667,-3.673508255642421,SRG.MI
rbo_20,9661.081099999985,-3.389189000000148,-5.292689741642439,SRG.MI
rbo_100,9616.2502,-3.837498000000017,-4.309809999999979,SRG.MI
rema_50100,9563.585399999994,-4.364146000000058,-4.84469600000004,SRG.MI
rbo_20,10800.178800000003,8.001788000000044,-7.9550229298056285,STLAM.MI
rtt_5020,10796.5596,7.965595999999997,-8.07097568377246,STLAM.MI
rema_100150,10631.07640000001,6.310764000000102,-5.936147726301828,STLAM.MI
rbo_50,10601.488199999996,6.014881999999955,-6.501218385547003,STLAM.MI
rema_50100,10570.34860000001,5.703486000000102,-5.703711901271418,STLAM.MI
rrg,10553.651500000004,5.536515000000053,-5.2750860685517935,STLAM.MI
rsma_50100,10307.880599999986,3.0788059999998563,-6.355740756431243,STLAM.MI
rsma_100150,10289.475400000016,2.894754000000166,-5.081629608699871,STLAM.MI
rbo_100,10175.333300000006,1.753333000000068,-5.604753945110904,STLAM.MI
rema_50100150,9517.767099999985,-4.822329000000158,-5.353684000000103,STLAM.MI
rsma_50100150,9374.118399999988,-6.258816000000134,-6.258816000000134,STLAM.MI
rrg,10502.996000000005,5.029960000000022,-5.542253287734036,STMMI.MI
rema_100150,10350.3258,3.503257999999998,-4.373363720673315,STMMI.MI
rsma_50100,10191.0306,1.910305999999995,-5.288490462723665,STMMI.MI
rsma_100150,10169.974499999991,1.6997449999999192,-4.978148252351923,STMMI.MI
rema_50100,10131.588099999995,1.315880999999952,-5.288490462723665,STMMI.MI
rsma_50100150,10116.027999999997,1.160279999999947,-5.3403519596137645,STMMI.MI
rbo_100,10069.92939999998,0.6992939999998171,-5.002067266181695,STMMI.MI
rbo_50,10035.321199999986,0.3532119999998473,-5.039602395677022,STMMI.MI
rema_50100150,9985.319999999989,-0.1468000000001135,-4.997760365663587,STMMI.MI
rtt_5020,9963.050599999997,-0.3694940000000479,-3.643017615570285,STMMI.MI
rbo_20,9899.742300000007,-1.0025769999999157,-4.459367092849226,STMMI.MI
rbo_20,10558.982799999989,5.589827999999875,-5.741900058427344,TEN.MI
rtt_5020,10439.911399999988,4.399113999999882,-4.673863419951918,TEN.MI
rbo_50,10321.621599999997,3.2162159999999496,-4.529948084901661,TEN.MI
rema_50100150,10166.256099999997,1.6625609999999735,-3.158222573308389,TEN.MI
rbo_100,10113.518200000008,1.135182000000068,-2.270031623732244,TEN.MI
rsma_50100150,10104.491200000008,1.0449120000000756,-3.02410138165559,TEN.MI
rrg,9989.178800000002,-0.1082119999999853,-0.3116241371805533,TEN.MI
rsma_50100,9890.181100000003,-1.0981889999999606,-3.410731284057789,TEN.MI
rema_50100,9888.721200000004,-1.1127879999999646,-4.093341257479262,TEN.MI
rema_100150,9446.722000000014,-5.53277999999986,-6.904827665242393,TEN.MI
rsma_100150,9399.4363,-6.005637000000008,-7.300908327378562,TEN.MI
rsma_100150,10400.958300000004,4.009583000000028,-4.722327568475769,TGYM.MI
rrg,10269.847999999996,2.69847999999997,-3.215340938912626,TGYM.MI
rema_100150,10251.257100000006,2.5125710000000634,-4.507712440715799,TGYM.MI
rbo_100,10212.236100000002,2.122361000000028,-3.441406153389254,TGYM.MI
rbo_50,10165.066400000014,1.650664000000135,-3.1755778528902137,TGYM.MI
rema_50100,10122.351600000004,1.2235160000000356,-3.188946978667126,TGYM.MI
rema_50100150,10079.124500000002,0.7912450000000071,-3.165865595457415,TGYM.MI
rtt_5020,10024.38750000001,0.2438750000000933,-1.9823800133266825,TGYM.MI
rsma_50100150,9984.321400000008,-0.1567859999999199,-2.82522986734733,TGYM.MI
rbo_20,9950.792000000009,-0.492079999999917,-3.227369504042469,TGYM.MI
rsma_50100,9912.214200000004,-0.8778579999999647,-3.543836922986083,TGYM.MI
rrg,10919.03679999999,9.190367999999904,-8.786753058658023,TIT.MI
rema_50100150,10790.670799999973,7.906707999999729,-7.623125709663713,TIT.MI
rsma_50100,10735.312200000018,7.353122000000178,-7.825618709067607,TIT.MI
rsma_100150,10570.086800000005,5.700868000000048,-6.513299398828036,TIT.MI
rsma_50100150,10561.805899999994,5.618058999999942,-6.90140594233029,TIT.MI
rbo_100,10348.41450000001,3.484145000000094,-6.681064041259634,TIT.MI
rema_100150,10335.386299999996,3.353862999999957,-4.801716022941483,TIT.MI
rema_50100,10290.316499999995,2.903164999999963,-6.735760751382057,TIT.MI
rbo_20,10160.247800000006,1.602478000000063,-3.5933098311433493,TIT.MI
rtt_5020,9565.438099999996,-4.345619000000045,-4.87686571094257,TIT.MI
rbo_50,9276.097600000016,-7.239023999999827,-7.769765627764846,TIT.MI
rsma_50100150,10243.086800000028,2.4308680000002747,-3.203992496793926,TRN.MI
rrg,10151.292999999992,1.5129299999999235,-2.0015317769999417,TRN.MI
rema_50100150,10092.777500000002,0.9277750000000308,-2.2907340636750253,TRN.MI
rsma_50100,9979.565400000009,-0.2043459999999108,-2.2954738498175167,TRN.MI
rsma_100150,9812.9909,-1.870090999999996,-2.310871403759404,TRN.MI
rema_100150,9809.914,-1.900859999999993,-2.291649333829114,TRN.MI
rbo_50,9746.059400000013,-2.5394059999998886,-3.0818260060285247,TRN.MI
rbo_100,9745.991500000024,-2.540084999999759,-3.5174218899778924,TRN.MI
rbo_20,9674.280700000016,-3.2571929999998472,-4.47849561214626,TRN.MI
rtt_5020,9667.993800000002,-3.320061999999979,-3.573747898129773,TRN.MI
rema_50100,9660.130099999997,-3.398699000000049,-3.4761400928035875,TRN.MI
rrg,10649.114699999998,6.491146999999975,-6.796585888106438,UCG.MI
rema_50100,10566.364199999987,5.663641999999891,-6.0895953991383145,UCG.MI
rbo_100,10561.74159999999,5.617415999999897,-6.092251577554311,UCG.MI
rema_50100150,10551.424000000008,5.514240000000092,-5.891136941199386,UCG.MI
rema_100150,10551.424000000008,5.514240000000092,-5.891136941199386,UCG.MI
rsma_100150,10551.424000000008,5.514240000000092,-5.891136941199386,UCG.MI
rbo_50,10475.474400000005,4.754744000000022,-5.402021354472087,UCG.MI
rbo_20,10399.90969999999,3.999096999999896,-4.219182124494555,UCG.MI
rtt_5020,10385.177199999998,3.851771999999976,-4.087244390947724,UCG.MI
rsma_50100,10382.323199999988,3.823231999999877,-5.630865153798012,UCG.MI
rsma_50100150,10361.968800000006,3.619688000000054,-5.41488715959591,UCG.MI
rsma_50100,10618.792000000003,6.187920000000036,-6.864631563055017,UNI.MI
rema_50100,10618.792000000003,6.187920000000036,-6.864631563055017,UNI.MI
rbo_20,10601.8769,6.018769000000002,-6.136905746153021,UNI.MI
rrg,10563.579799999976,5.635797999999759,-6.665255784109718,UNI.MI
rbo_50,10515.934599999991,5.159345999999943,-5.877173557737631,UNI.MI
rema_100150,10508.343,5.08343,-6.250486059575959,UNI.MI
rsma_100150,10508.343,5.08343,-6.250486059575959,UNI.MI
rema_50100150,10508.343,5.08343,-6.250486059575959,UNI.MI
rsma_50100150,10508.343,5.08343,-6.250486059575959,UNI.MI
rbo_100,10492.396799999997,4.923967999999968,-6.712533074146497,UNI.MI
rtt_5020,10438.898100000002,4.388981000000025,-4.593683323645539,UNI.MI
rsma_100150,10275.475000000011,2.754750000000139,-3.3186621247198524,VLS.MI
rema_50100150,10202.16440000001,2.0216440000001112,-3.7191598202360057,VLS.MI
rrg,10157.199,1.5719899999999898,-2.660355748171232,VLS.MI
rbo_20,10032.165900000004,0.3216590000000296,-2.6721588690622253,VLS.MI
rtt_5020,9971.235199999992,-0.2876480000000847,-1.6535279231180648,VLS.MI
rbo_50,9950.402100000005,-0.4959789999999575,-2.3229221024019213,VLS.MI
rema_100150,9944.175500000008,-0.558244999999935,-2.828837602897602,VLS.MI
rsma_50100150,9922.468599999986,-0.775314000000149,-2.534281189814594,VLS.MI
rsma_50100,9804.3491,-1.9565090000000065,-3.631167444960624,VLS.MI
rbo_100,9775.954899999992,-2.240451000000065,-3.235825629803061,VLS.MI
rema_50100,9544.704299999994,-4.552957000000058,-5.894511108021333,VLS.MI
rbo_20,10786.102100000002,7.8610210000000125,-8.272904901499647,WIIT.MI
rrg,10683.746,6.837459999999984,-7.137328364709891,WIIT.MI
rtt_5020,10552.888600000008,5.528886000000077,-5.983294585288449,WIIT.MI
rbo_50,10379.979400000013,3.799794000000123,-4.943369679788548,WIIT.MI
rbo_100,10315.584499999995,3.155844999999946,-4.240650701538263,WIIT.MI
rsma_100150,10288.728699999994,2.8872869999999384,-3.415322102511989,WIIT.MI
rema_100150,9968.555700000008,-0.3144429999999198,-2.6582594315422603,WIIT.MI
rema_50100,9891.578700000004,-1.0842129999999672,-4.753552504983002,WIIT.MI
rema_50100150,9741.655800000008,-2.5834419999999247,-3.9890484847701626,WIIT.MI
rsma_50100150,9635.910199999998,-3.640898000000015,-5.710540181554246,WIIT.MI
rsma_50100,9604.346500000003,-3.956534999999972,-5.009609299496411,WIIT.MI
