equity_signal,Final Equity,Total Return,Max Drawdown,combination_name,total_trades,Signal
rtt_5020_equity_concave,847643.9106999877,8376.439106999876,-99.94669643313543,rtt_5020,,rtt_5020_equity_concave
rbo_20__rbo_100_equity_concave,593230.9531999995,5832.309531999995,-333.7430213610634,rbo_20__rbo_100,104.0,rbo_20__rbo_100_equity_concave
rtt_5020_equity_convex,491960.817700005,4819.60817700005,-99.90620114674995,rtt_5020,,rtt_5020_equity_convex
rbo_100__rbo_100_equity_concave,377875.9487000001,3678.759487000001,-287.65420738124317,rbo_100__rbo_100,13.0,rbo_100__rbo_100_equity_concave
rtt_5020__rbo_100_equity_concave,371384.1933999994,3613.841933999994,-333.74181393134756,rtt_5020__rbo_100,71.0,rtt_5020__rbo_100_equity_concave
rema_50100__rbo_100_equity_concave,369042.80190000066,3590.4280190000063,-375.77341696421234,rema_50100__rbo_100,65.0,rema_50100__rbo_100_equity_concave
rbo_20__rbo_100_equity_convex,354223.9598999989,3442.239598999989,-333.7438583955234,rbo_20__rbo_100,104.0,rbo_20__rbo_100_equity_convex
rbo_100__rbo_100_equity_convex,290059.95679999865,2800.5995679999864,-287.6514943910389,rbo_100__rbo_100,13.0,rbo_100__rbo_100_equity_convex
rema_50100__rbo_100_equity_convex,275625.33239999943,2656.2533239999943,-375.7710724332348,rema_50100__rbo_100,65.0,rema_50100__rbo_100_equity_convex
rtt_5020__rbo_100_equity_convex,252069.0779999992,2420.6907799999917,-333.74788377333425,rtt_5020__rbo_100,71.0,rtt_5020__rbo_100_equity_convex
rbo_20__rsma_100150_equity_concave,238401.15379999997,2284.0115379999997,-216.4841877326124,rbo_20__rsma_100150,167.0,rbo_20__rsma_100150_equity_concave
rema_50100__rema_100150_equity_concave,197940.76880000014,1879.4076880000014,-285.27450910101993,rema_50100__rema_100150,106.0,rema_50100__rema_100150_equity_concave
rema_50100150__rsma_100150_equity_concave,177216.3647999997,1672.1636479999968,-235.46299771359074,rema_50100150__rsma_100150,121.0,rema_50100150__rsma_100150_equity_concave
rbo_100__rema_100150_equity_concave,170958.8093000006,1609.588093000006,-303.76824919961496,rbo_100__rema_100150,174.0,rbo_100__rema_100150_equity_concave
rbo_20__rema_100150_equity_concave,170021.4791000007,1600.214791000007,-261.3605100723264,rbo_20__rema_100150,154.0,rbo_20__rema_100150_equity_concave
rsma_100150__rsma_100150_equity_concave,123499.30819999981,1134.9930819999981,-392.0964361577202,rsma_100150__rsma_100150,15.0,rsma_100150__rsma_100150_equity_concave
rsma_50100__rbo_100_equity_concave,106257.19169999973,962.5719169999974,-253.38142109203957,rsma_50100__rbo_100,91.0,rsma_50100__rbo_100_equity_concave
rsma_100150__rsma_100150_equity_convex,86756.94580000016,767.5694580000016,-429.87926286567284,rsma_100150__rsma_100150,15.0,rsma_100150__rsma_100150_equity_convex
rtt_5020__rema_100150_equity_concave,85508.6576999998,755.086576999998,-313.489523834846,rtt_5020__rema_100150,115.0,rtt_5020__rema_100150_equity_concave
rbo_100__rema_100150_equity_convex,81707.89129999987,717.0789129999987,-303.78269607181016,rbo_100__rema_100150,174.0,rbo_100__rema_100150_equity_convex
rema_100150__rema_100150_equity_concave,81167.17330000007,711.6717330000007,-291.67798342771067,rema_100150__rema_100150,11.0,rema_100150__rema_100150_equity_concave
rema_50100__rsma_100150_equity_concave,76918.06199999979,669.1806199999979,-200.0046339120552,rema_50100__rsma_100150,101.0,rema_50100__rsma_100150_equity_concave
rbo_20__rema_50100_equity_concave,65709.75250000003,557.0975250000002,-401.68214701342305,rbo_20__rema_50100,123.0,rbo_20__rema_50100_equity_concave
rbo_100__rsma_100150_equity_concave,58354.0490000004,483.540490000004,-339.43327811060084,rbo_100__rsma_100150,118.0,rbo_100__rsma_100150_equity_concave
rema_50100__rema_100150_equity_convex,56993.67860000014,469.9367860000014,-256.2698315981602,rema_50100__rema_100150,106.0,rema_50100__rema_100150_equity_convex
rema_100150__rbo_100_equity_concave,56321.35599999998,463.2135599999998,-372.52715240820936,rema_100150__rbo_100,72.0,rema_100150__rbo_100_equity_concave
rema_50100150__rsma_50100_equity_convex,56144.97600000025,461.44976000000247,-98.9733882034272,rema_50100150__rsma_50100,137.0,rema_50100150__rsma_50100_equity_convex
rbo_20__rema_50100_equity_convex,48407.41700000027,384.0741700000027,-401.00847586198284,rbo_20__rema_50100,123.0,rbo_20__rema_50100_equity_convex
rema_100150__rsma_100150_equity_concave,46611.62539999985,366.11625399999855,-198.16440009061705,rema_100150__rsma_100150,74.0,rema_100150__rsma_100150_equity_concave
rtt_5020__rsma_100150_equity_concave,46551.47149999995,365.5147149999995,-366.2421851334334,rtt_5020__rsma_100150,134.0,rtt_5020__rsma_100150_equity_concave
rema_50100150__rbo_20_equity_convex,46294.38719999991,362.9438719999991,-93.86755488151441,rema_50100150__rbo_20,254.0,rema_50100150__rbo_20_equity_convex
rbo_100__rema_50100_equity_concave,45489.725499999986,354.89725499999986,-363.8926913900651,rbo_100__rema_50100,126.0,rbo_100__rema_50100_equity_concave
rema_50100150__rbo_20_equity_concave,45279.518799999576,352.79518799999573,-94.5296839927456,rema_50100150__rbo_20,254.0,rema_50100150__rbo_20_equity_concave
rema_50100__rema_50100_equity_concave,35063.28720000023,250.6328720000023,-267.7203400183632,rema_50100__rema_50100,17.0,rema_50100__rema_50100_equity_concave
rema_50100150__rtt_5020_equity_convex,33026.45700000006,230.2645700000006,-89.70370434675345,rema_50100150__rtt_5020,154.0,rema_50100150__rtt_5020_equity_convex
rsma_100150__rema_50100_equity_concave,31213.328999999856,212.13328999999854,-172.5189571025911,rsma_100150__rema_50100,141.0,rsma_100150__rema_50100_equity_concave
rbo_50__rbo_100_equity_convex,30466.664500000028,204.66664500000027,-390.1787340262083,rbo_50__rbo_100,116.0,rbo_50__rbo_100_equity_convex
rema_50100150__rema_50100_equity_concave,29902.05550000035,199.02055500000353,-253.44694916194464,rema_50100150__rema_50100,109.0,rema_50100150__rema_50100_equity_concave
rema_50100__rema_50100_equity_convex,28821.784300000054,188.21784300000056,-267.0303658228155,rema_50100__rema_50100,17.0,rema_50100__rema_50100_equity_convex
rema_100150__rema_50100_equity_convex,27433.011699999555,174.33011699999557,-143.65017088178374,rema_100150__rema_50100,65.0,rema_100150__rema_50100_equity_convex
rbo_100__rema_50100_equity_convex,27247.442899999915,172.47442899999913,-339.70698324461875,rbo_100__rema_50100,126.0,rbo_100__rema_50100_equity_convex
rema_50100150__rema_50100_equity_convex,24591.732100000136,145.91732100000138,-252.8236236645057,rema_50100150__rema_50100,109.0,rema_50100150__rema_50100_equity_convex
rtt_5020__rema_100150_equity_convex,24053.152599999954,140.53152599999953,-296.04686717614015,rtt_5020__rema_100150,115.0,rtt_5020__rema_100150_equity_convex
rema_50100150__rbo_50_equity_convex,23899.575400000005,138.99575400000006,-87.8756054912357,rema_50100150__rbo_50,191.0,rema_50100150__rbo_50_equity_convex
rtt_5020__rbo_20_equity_convex,22670.38489999996,126.70384899999961,-94.33989275938153,rtt_5020__rbo_20,40.0,rtt_5020__rbo_20_equity_convex
rsma_50100__rbo_100_equity_convex,20961.275599999997,109.61275599999998,-193.4532572810457,rsma_50100__rbo_100,91.0,rsma_50100__rbo_100_equity_convex
rema_50100150__rtt_5020_equity_concave,20712.521299999935,107.12521299999933,-92.06733598667982,rema_50100150__rtt_5020,154.0,rema_50100150__rtt_5020_equity_concave
rsma_100150__rbo_100_equity_concave,20491.023000000092,104.91023000000092,-161.81321970426075,rsma_100150__rbo_100,94.0,rsma_100150__rbo_100_equity_concave
rtt_5020__rbo_20_equity_concave,19376.484300000036,93.76484300000037,-95.01022970314791,rtt_5020__rbo_20,40.0,rtt_5020__rbo_20_equity_concave
rbo_20__rbo_20_equity_concave,18569.160000000164,85.69160000000164,-95.89753959294137,rbo_20__rbo_20,47.0,rbo_20__rbo_20_equity_concave
rsma_50100150__rsma_100150_equity_concave,18060.86479999994,80.6086479999994,-260.5373204969977,rsma_50100150__rsma_100150,152.0,rsma_50100150__rsma_100150_equity_concave
rbo_20__rbo_20_equity_convex,18047.988600000135,80.47988600000136,-93.485962934902,rbo_20__rbo_20,47.0,rbo_20__rbo_20_equity_convex
rema_50100150__rbo_50_equity_concave,16208.115600000023,62.081156000000234,-94.3801374110012,rema_50100150__rbo_50,191.0,rema_50100150__rbo_50_equity_concave
rsma_50100150__rbo_100_equity_concave,15979.850600000118,59.79850600000118,-234.13491143953186,rsma_50100150__rbo_100,143.0,rsma_50100150__rbo_100_equity_concave
rema_50100__rsma_50100_equity_concave,15906.889200000216,59.06889200000216,-325.24419736435084,rema_50100__rsma_50100,90.0,rema_50100__rsma_50100_equity_concave
rsma_100150__rema_50100_equity_convex,15493.570699999964,54.93570699999963,-169.5745758145671,rsma_100150__rema_50100,141.0,rsma_100150__rema_50100_equity_convex
rsma_50100__rsma_50100_equity_concave,14973.466500000135,49.73466500000134,-192.75842633979286,rsma_50100__rsma_50100,19.0,rsma_50100__rsma_50100_equity_concave
rsma_100150__rbo_100_equity_convex,14634.173000000126,46.341730000001256,-161.78282167957425,rsma_100150__rbo_100,94.0,rsma_100150__rbo_100_equity_convex
rtt_5020__rema_50100_equity_concave,14131.0825000001,41.310825000001,-341.6348711999653,rtt_5020__rema_50100,70.0,rtt_5020__rema_50100_equity_concave
rema_50100150__rsma_50100150_equity_convex,13582.308600000228,35.82308600000228,-98.15254047625854,rema_50100150__rsma_50100150,160.0,rema_50100150__rsma_50100150_equity_convex
rbo_20__rsma_50100_equity_concave,12643.754400000182,26.43754400000182,-208.38395992184337,rbo_20__rsma_50100,143.0,rbo_20__rsma_50100_equity_concave
rsma_50100150_equity_equal,12090.48509999999,20.9048509999999,-19.789248186786914,rsma_50100150,,rsma_50100150_equity_equal
rtt_5020__rema_50100_equity_convex,11966.546400000092,19.66546400000091,-338.5258484069979,rtt_5020__rema_50100,70.0,rtt_5020__rema_50100_equity_convex
rema_100150_equity_equal,11813.230900000028,18.13230900000027,-19.22005807127542,rema_100150,,rema_100150_equity_equal
rsma_50100_equity_equal,11776.86869999998,17.768686999999804,-20.00385142232794,rsma_50100,,rsma_50100_equity_equal
rbo_100_equity_equal,11523.730899999948,15.237308999999488,-17.00397149762931,rbo_100,,rbo_100_equity_equal
rema_50100150__rsma_50100150_equity_concave,11355.37340000018,13.553734000001816,-99.1517110119474,rema_50100150__rsma_50100150,160.0,rema_50100150__rsma_50100150_equity_concave
rrg_equity_equal,11238.69840000005,12.386984000000512,-14.167524511259137,rrg,,rrg_equity_equal
rema_50100_equity_equal,11158.266899999988,11.582668999999868,-20.113676075083735,rema_50100,,rema_50100_equity_equal
rbo_100__rsma_50100150_equity_equal,11128.647500000032,11.28647500000033,-13.297521412483754,rbo_100__rsma_50100150,473.0,rbo_100__rsma_50100150_equity_equal
rsma_50100150__rema_100150_equity_equal,11114.156899999996,11.141568999999961,-12.95791576609492,rsma_50100150__rema_100150,181.0,rsma_50100150__rema_100150_equity_equal
rsma_50100150__rsma_50100150_equity_equal,11099.974299999987,10.999742999999862,-11.271587358539964,rsma_50100150__rsma_50100150,27.0,rsma_50100150__rsma_50100150_equity_equal
rema_50100150__rsma_100150_equity_equal,11084.447100000025,10.844471000000254,-12.947549857289786,rema_50100150__rsma_100150,121.0,rema_50100150__rsma_100150_equity_equal
rema_50100150_equity_equal,10996.765400000028,9.96765400000028,-16.583012243216753,rema_50100150,,rema_50100150_equity_equal
rsma_100150__rsma_50100150_equity_equal,10961.249300000023,9.612493000000221,-13.187889423357413,rsma_100150__rsma_50100150,456.0,rsma_100150__rsma_50100150_equity_equal
rema_100150__rbo_20_equity_equal,10932.1665,9.321665000000001,-10.064577392829895,rema_100150__rbo_20,324.0,rema_100150__rbo_20_equity_equal
rsma_50100__rsma_50100_equity_convex,10907.705799999972,9.077057999999717,-189.8175207417121,rsma_50100__rsma_50100,19.0,rsma_50100__rsma_50100_equity_convex
rbo_100__rbo_20_equity_equal,10902.634399999977,9.026343999999774,-11.723964198242909,rbo_100__rbo_20,379.0,rbo_100__rbo_20_equity_equal
rbo_100__rema_100150_equity_equal,10901.812700000011,9.01812700000011,-9.855630186985566,rbo_100__rema_100150,174.0,rbo_100__rema_100150_equity_equal
rema_100150__rsma_50100150_equity_equal,10884.717500000019,8.847175000000185,-9.94569280470087,rema_100150__rsma_50100150,407.0,rema_100150__rsma_50100150_equity_equal
rema_50100__rsma_50100150_equity_equal,10875.166600000017,8.751666000000169,-10.596902005567628,rema_50100__rsma_50100150,423.0,rema_50100__rsma_50100150_equity_equal
rbo_20__rsma_50100150_equity_equal,10861.001900000016,8.610019000000158,-10.469797611771577,rbo_20__rsma_50100150,336.0,rbo_20__rsma_50100150_equity_equal
rbo_100__rema_50100150_equity_equal,10854.692299999997,8.546922999999973,-11.34661784854744,rbo_100__rema_50100150,428.0,rbo_100__rema_50100150_equity_equal
rema_100150__rbo_100_equity_equal,10844.214199999986,8.442141999999864,-9.902150570978549,rema_100150__rbo_100,72.0,rema_100150__rbo_100_equity_equal
rbo_50__rema_100150_equity_equal,10830.281100000015,8.302811000000144,-9.301435379033121,rbo_50__rema_100150,203.0,rbo_50__rema_100150_equity_equal
rsma_50100__rema_100150_equity_equal,10822.582499999991,8.225824999999908,-10.24263270587498,rsma_50100__rema_100150,193.0,rsma_50100__rema_100150_equity_equal
rbo_100__rbo_20_equity_concave,10818.999699999495,8.189996999994943,-97.83524999470653,rbo_100__rbo_20,379.0,rbo_100__rbo_20_equity_concave
rema_100150__rema_100150_equity_equal,10817.086499999994,8.17086499999995,-8.99628408276619,rema_100150__rema_100150,11.0,rema_100150__rema_100150_equity_equal
rsma_50100150__rema_50100150_equity_equal,10809.759000000005,8.097590000000054,-11.578079342083916,rsma_50100150__rema_50100150,176.0,rsma_50100150__rema_50100150_equity_equal
rema_100150__rema_50100150_equity_equal,10806.738000000018,8.06738000000018,-9.478860488975222,rema_100150__rema_50100150,396.0,rema_100150__rema_50100150_equity_equal
rema_50100150__rsma_50100150_equity_equal,10797.747500000023,7.977475000000234,-10.35610391604687,rema_50100150__rsma_50100150,160.0,rema_50100150__rsma_50100150_equity_equal
rsma_50100150__rema_50100_equity_equal,10790.035900000008,7.900359000000079,-11.142453176957256,rsma_50100150__rema_50100,154.0,rsma_50100150__rema_50100_equity_equal
rsma_50100__rbo_20_equity_equal,10776.462900000002,7.764629000000012,-10.963424283548088,rsma_50100__rbo_20,384.0,rsma_50100__rbo_20_equity_equal
rsma_50100__rbo_100_equity_equal,10751.126199999977,7.511261999999763,-11.61460542528299,rsma_50100__rbo_100,91.0,rsma_50100__rbo_100_equity_equal
rema_100150__rema_50100_equity_equal,10741.456099999996,7.414560999999953,-8.627181883758048,rema_100150__rema_50100,65.0,rema_100150__rema_50100_equity_equal
rsma_50100150__rbo_20_equity_equal,10719.885199999992,7.198851999999922,-10.006993530682132,rsma_50100150__rbo_20,273.0,rsma_50100150__rbo_20_equity_equal
rsma_100150__rbo_20_equity_equal,10717.022300000011,7.17022300000012,-11.422444538527149,rsma_100150__rbo_20,415.0,rsma_100150__rbo_20_equity_equal
rema_50100__rema_100150_equity_equal,10690.68829999999,6.906882999999908,-8.667342766122443,rema_50100__rema_100150,106.0,rema_50100__rema_100150_equity_equal
rbo_50__rsma_50100150_equity_equal,10680.788300000015,6.807883000000148,-10.610031620550535,rbo_50__rsma_50100150,410.0,rbo_50__rsma_50100150_equity_equal
rsma_50100__rsma_50100_equity_equal,10676.346200000002,6.76346200000002,-11.716943785622561,rsma_50100__rsma_50100,19.0,rsma_50100__rsma_50100_equity_equal
rsma_50100__rema_50100_equity_equal,10675.950600000033,6.759506000000326,-10.40675455879233,rsma_50100__rema_50100,123.0,rsma_50100__rema_50100_equity_equal
rbo_50__rbo_100_equity_equal,10675.106899999942,6.751068999999421,-12.322764649512484,rbo_50__rbo_100,116.0,rbo_50__rbo_100_equity_equal
rsma_50100150__rsma_100150_equity_equal,10670.885600000001,6.708856000000019,-12.146659740561198,rsma_50100150__rsma_100150,152.0,rsma_50100150__rsma_100150_equity_equal
rbo_100__rema_50100_equity_equal,10665.98780000003,6.659878000000297,-10.213635815722837,rbo_100__rema_50100,126.0,rbo_100__rema_50100_equity_equal
rema_100150__rtt_5020_equity_equal,10661.327500000014,6.6132750000001295,-8.65020253459031,rema_100150__rtt_5020,171.0,rema_100150__rtt_5020_equity_equal
rema_50100__rsma_100150_equity_equal,10651.359900000014,6.513599000000148,-11.036150918493265,rema_50100__rsma_100150,101.0,rema_50100__rsma_100150_equity_equal
rema_50100150__rema_100150_equity_equal,10648.046199999999,6.480461999999987,-10.472073710606097,rema_50100150__rema_100150,153.0,rema_50100150__rema_100150_equity_equal
rsma_100150_equity_equal,10627.918099999999,6.279181,-12.443359125821777,rsma_100150,,rsma_100150_equity_equal
rsma_50100__rsma_50100150_equity_equal,10625.954499999996,6.259544999999966,-10.83128113463526,rsma_50100__rsma_50100150,428.0,rsma_50100__rsma_50100150_equity_equal
rema_100150__rsma_50100_equity_equal,10623.662099999994,6.236620999999931,-8.514816276485066,rema_100150__rsma_50100,118.0,rema_100150__rsma_50100_equity_equal
rsma_50100150__rbo_100_equity_equal,10620.562499999975,6.205624999999748,-12.2299600446603,rsma_50100150__rbo_100,143.0,rsma_50100150__rbo_100_equity_equal
rtt_5020__rema_100150_equity_equal,10618.366899999997,6.1836689999999805,-8.331734381394675,rtt_5020__rema_100150,115.0,rtt_5020__rema_100150_equity_equal
rema_50100150__rema_50100150_equity_equal,10617.657199999998,6.176571999999969,-10.093610160468753,rema_50100150__rema_50100150,21.0,rema_50100150__rema_50100150_equity_equal
rbo_100__rbo_100_equity_equal,10592.56889999998,5.925688999999812,-11.462435473953855,rbo_100__rbo_100,13.0,rbo_100__rbo_100_equity_equal
rema_50100__rbo_20_equity_equal,10592.315299999995,5.923152999999948,-8.999685329026013,rema_50100__rbo_20,335.0,rema_50100__rbo_20_equity_equal
rtt_5020__rsma_50100150_equity_equal,10578.238300000023,5.782383000000224,-8.764919951019143,rtt_5020__rsma_50100150,274.0,rtt_5020__rsma_50100150_equity_equal
rsma_50100__rsma_100150_equity_equal,10564.3587,5.6435870000000055,-11.397687327377215,rsma_50100__rsma_100150,164.0,rsma_50100__rsma_100150_equity_equal
rema_100150__rsma_100150_equity_equal,10563.366199999988,5.633661999999884,-8.513606415818348,rema_100150__rsma_100150,74.0,rema_100150__rsma_100150_equity_equal
rsma_100150__rbo_100_equity_equal,10558.232100000017,5.582321000000179,-11.814533274562287,rsma_100150__rbo_100,94.0,rsma_100150__rbo_100_equity_equal
rbo_20__rema_100150_equity_equal,10555.236799999984,5.552367999999852,-8.86849855942541,rbo_20__rema_100150,154.0,rbo_20__rema_100150_equity_equal
rema_50100150__rema_50100_equity_equal,10539.960499999996,5.399604999999963,-8.488603228776027,rema_50100150__rema_50100,109.0,rema_50100150__rema_50100_equity_equal
rema_100150__rbo_50_equity_equal,10520.896000000004,5.20896000000004,-7.126658334801131,rema_100150__rbo_50,216.0,rema_100150__rbo_50_equity_equal
rbo_100__rsma_100150_equity_equal,10516.16050000003,5.161605000000313,-10.889187442190332,rbo_100__rsma_100150,118.0,rbo_100__rsma_100150_equity_equal
rema_50100__rbo_100_equity_equal,10510.794100000006,5.107941000000071,-11.016274655224164,rema_50100__rbo_100,65.0,rema_50100__rbo_100_equity_equal
rsma_100150__rema_100150_equity_equal,10507.149899999988,5.071498999999879,-9.907010596926318,rsma_100150__rema_100150,153.0,rsma_100150__rema_100150_equity_equal
rsma_100150__rema_50100_equity_equal,10498.707300000018,4.987073000000186,-10.671703191070451,rsma_100150__rema_50100,141.0,rsma_100150__rema_50100_equity_equal
rbo_50__rema_50100150_equity_equal,10498.3209,4.9832089999999996,-10.742883184709266,rbo_50__rema_50100150,422.0,rbo_50__rema_50100150_equity_equal
rbo_50__rsma_50100_equity_equal,10494.58579999996,4.945857999999603,-12.024182930256316,rbo_50__rsma_50100,103.0,rbo_50__rsma_50100_equity_equal
rbo_50__rema_50100_equity_equal,10487.399600000022,4.873996000000225,-9.737020907160149,rbo_50__rema_50100,116.0,rbo_50__rema_50100_equity_equal
rema_50100__rema_50100_equity_equal,10486.663600000003,4.866636000000035,-9.515377880345516,rema_50100__rema_50100,17.0,rema_50100__rema_50100_equity_equal
rsma_100150__rsma_50100_equity_equal,10486.390000000018,4.863900000000165,-10.691842631552143,rsma_100150__rsma_50100,170.0,rsma_100150__rsma_50100_equity_equal
rsma_50100__rema_50100150_equity_equal,10475.705500000016,4.7570550000001655,-10.73228357334306,rsma_50100__rema_50100150,455.0,rsma_50100__rema_50100150_equity_equal
rbo_50__rsma_100150_equity_equal,10454.109400000007,4.541094000000068,-11.24992393466707,rbo_50__rsma_100150,183.0,rbo_50__rsma_100150_equity_equal
rema_50100__rema_50100150_equity_equal,10452.165599999977,4.521655999999763,-8.62626552908142,rema_50100__rema_50100150,395.0,rema_50100__rema_50100150_equity_equal
rsma_100150__rema_50100150_equity_equal,10441.582600000016,4.415826000000167,-9.392804364905228,rsma_100150__rema_50100150,446.0,rsma_100150__rema_50100150_equity_equal
rbo_100__rsma_50100_equity_equal,10429.399199999983,4.293991999999824,-10.263238086210285,rbo_100__rsma_50100,123.0,rbo_100__rsma_50100_equity_equal
rbo_100__rtt_5020_equity_equal,10422.470100000011,4.2247010000001195,-10.142826487833705,rbo_100__rtt_5020,182.0,rbo_100__rtt_5020_equity_equal
rtt_5020__rbo_100_equity_equal,10415.62340000002,4.156234000000203,-11.571344860278657,rtt_5020__rbo_100,71.0,rtt_5020__rbo_100_equity_equal
rtt_5020__rema_50100150_equity_equal,10402.348700000002,4.0234870000000145,-9.509414964130944,rtt_5020__rema_50100150,280.0,rtt_5020__rema_50100150_equity_equal
rsma_50100__rtt_5020_equity_equal,10393.293899999995,3.9329389999999576,-9.765971963233675,rsma_50100__rtt_5020,163.0,rsma_50100__rtt_5020_equity_equal
rbo_20__rbo_100_equity_equal,10364.216899999992,3.6421689999999174,-11.303830778445978,rbo_20__rbo_100,104.0,rbo_20__rbo_100_equity_equal
rsma_100150__rsma_100150_equity_equal,10358.900000000034,3.589000000000353,-10.673010722792624,rsma_100150__rsma_100150,15.0,rsma_100150__rsma_100150_equity_equal
rsma_100150__rtt_5020_equity_equal,10346.671100000027,3.4667110000002666,-10.136816472264416,rsma_100150__rtt_5020,226.0,rsma_100150__rtt_5020_equity_equal
rbo_20__rema_50100_equity_equal,10332.209899999974,3.322098999999734,-8.8788418674543,rbo_20__rema_50100,123.0,rbo_20__rema_50100_equity_equal
rbo_20__rsma_100150_equity_equal,10319.853099999993,3.198530999999938,-9.509852899604757,rbo_20__rsma_100150,167.0,rbo_20__rsma_100150_equity_equal
rbo_20__rema_50100150_equity_equal,10316.306599999987,3.16306599999987,-8.982187538474367,rbo_20__rema_50100150,328.0,rbo_20__rema_50100150_equity_equal
rsma_50100150__rsma_50100_equity_equal,10311.949199999986,3.119491999999857,-10.899305999974551,rsma_50100150__rsma_50100,130.0,rsma_50100150__rsma_50100_equity_equal
rema_50100150__rbo_20_equity_equal,10274.869099999984,2.7486909999998366,-8.203936334594156,rema_50100150__rbo_20,254.0,rema_50100150__rbo_20_equity_equal
rbo_20__rsma_50100_equity_equal,10249.805199999952,2.4980519999995066,-11.49214364364766,rbo_20__rsma_50100,143.0,rbo_20__rsma_50100_equity_equal
rbo_100__rbo_50_equity_equal,10248.18269999999,2.481826999999903,-8.321484003877707,rbo_100__rbo_50,231.0,rbo_100__rbo_50_equity_equal
rtt_5020__rema_50100_equity_equal,10228.50239999999,2.2850239999999022,-8.672376862470387,rtt_5020__rema_50100,70.0,rtt_5020__rema_50100_equity_equal
rema_50100__rsma_50100_equity_equal,10223.706899999956,2.2370689999995585,-8.870813982139795,rema_50100__rsma_50100,90.0,rema_50100__rsma_50100_equity_equal
rema_50100150__rbo_100_equity_equal,10209.89569999996,2.0989569999996016,-9.295348547507036,rema_50100150__rbo_100,80.0,rema_50100150__rbo_100_equity_equal
rema_50100__rtt_5020_equity_equal,10190.840399999968,1.908403999999675,-8.176452562013239,rema_50100__rtt_5020,141.0,rema_50100__rtt_5020_equity_equal
rbo_20__rbo_20_equity_equal,10151.193000000023,1.5119300000002278,-6.702028894094826,rbo_20__rbo_20,47.0,rbo_20__rbo_20_equity_equal
rsma_100150__rbo_50_equity_equal,10135.746499999985,1.3574649999998467,-8.579296603098435,rsma_100150__rbo_50,278.0,rsma_100150__rbo_50_equity_equal
rsma_50100__rbo_50_equity_equal,10125.940199999943,1.2594019999994321,-7.515659839363151,rsma_50100__rbo_50,186.0,rsma_50100__rbo_50_equity_equal
rbo_50_equity_equal,10111.722299999983,1.117222999999834,-16.49364818738448,rbo_50,,rbo_50_equity_equal
rbo_50__rbo_20_equity_equal,10106.645500000006,1.066455000000066,-8.271845935781599,rbo_50__rbo_20,262.0,rbo_50__rbo_20_equity_equal
rtt_5020__rsma_100150_equity_equal,10100.535400000015,1.005354000000147,-8.513437354687742,rtt_5020__rsma_100150,134.0,rtt_5020__rsma_100150_equity_equal
rsma_50100150__rtt_5020_equity_equal,10090.349499999995,0.9034949999999542,-8.24167616302222,rsma_50100150__rtt_5020,172.0,rsma_50100150__rtt_5020_equity_equal
rtt_5020__rsma_50100_equity_equal,10078.981899999959,0.7898189999995919,-11.121804518864515,rtt_5020__rsma_50100,85.0,rtt_5020__rsma_50100_equity_equal
rema_50100__rbo_50_equity_equal,10061.166399999953,0.6116639999995233,-7.008247091448934,rema_50100__rbo_50,172.0,rema_50100__rbo_50_equity_equal
rema_50100150__rsma_50100_equity_equal,10040.638299999991,0.40638299999991023,-10.56212265462765,rema_50100150__rsma_50100,137.0,rema_50100150__rsma_50100_equity_equal
rbo_20__rtt_5020_equity_equal,10002.662099999989,0.026620999999882322,-7.8999582611652,rbo_20__rtt_5020,32.0,rbo_20__rtt_5020_equity_equal
rbo_50__rbo_50_equity_equal,9903.962299999976,-0.9603770000002454,-7.3821347706561555,rbo_50__rbo_50,25.0,rbo_50__rbo_50_equity_equal
rbo_50__rtt_5020_equity_equal,9903.962299999976,-0.9603770000002454,-7.3821347706561555,rbo_50__rtt_5020,25.0,rbo_50__rtt_5020_equity_equal
rbo_20__rbo_50_equity_equal,9879.097299999983,-1.2090270000001735,-7.358760955943583,rbo_20__rbo_50,107.0,rbo_20__rbo_50_equity_equal
rsma_50100150__rbo_50_equity_equal,9840.390900000022,-1.5960909999997774,-7.6121424411048295,rsma_50100150__rbo_50,192.0,rsma_50100150__rbo_50_equity_equal
rtt_5020__rbo_20_equity_equal,9823.282000000007,-1.767179999999935,-6.323957389517469,rtt_5020__rbo_20,40.0,rtt_5020__rbo_20_equity_equal
rema_50100150__rtt_5020_equity_equal,9820.674499999977,-1.7932550000002268,-6.534336342867563,rema_50100150__rtt_5020,154.0,rema_50100150__rtt_5020_equity_equal
rbo_50__rbo_100_equity_concave,9760.60149999994,-2.393985000000598,-390.2002264970189,rbo_50__rbo_100,116.0,rbo_50__rbo_100_equity_concave
rema_50100150__rbo_50_equity_equal,9736.981799999978,-2.630182000000225,-6.418223637347214,rema_50100150__rbo_50,191.0,rema_50100150__rbo_50_equity_equal
rtt_5020__rbo_50_equity_equal,9696.355399999973,-3.03644600000027,-8.59106654329102,rtt_5020__rbo_50,25.0,rtt_5020__rbo_50_equity_equal
rtt_5020__rtt_5020_equity_equal,9696.355399999973,-3.03644600000027,-8.59106654329102,rtt_5020__rtt_5020,25.0,rtt_5020__rtt_5020_equity_equal
rtt_5020_equity_equal,9506.444300000045,-4.935556999999557,-12.011982460806939,rtt_5020,,rtt_5020_equity_equal
rbo_20_equity_equal,9324.461099999959,-6.755389000000411,-9.540064562025096,rbo_20,,rbo_20_equity_equal
rbo_100__rsma_50100_equity_concave,8919.277700000115,-10.807222999998844,-185.1374414014856,rbo_100__rsma_50100,123.0,rbo_100__rsma_50100_equity_concave
rsma_50100__rbo_50_equity_constant,8735.269400000003,-12.647305999999968,-52.27952553891764,rsma_50100__rbo_50,186.0,rsma_50100__rbo_50_equity_constant
rbo_50__rbo_20_equity_convex,8713.916499999912,-12.86083500000088,-95.11500809643326,rbo_50__rbo_20,262.0,rbo_50__rbo_20_equity_convex
rsma_50100150__rbo_50_equity_constant,8470.683100000007,-15.293168999999928,-52.26725991304087,rsma_50100150__rbo_50,192.0,rsma_50100150__rbo_50_equity_constant
rsma_50100__rtt_5020_equity_constant,8156.2385000000095,-18.43761499999991,-56.93043580250864,rsma_50100__rtt_5020,163.0,rsma_50100__rtt_5020_equity_constant
rema_100150__rema_100150_equity_convex,8019.336499999875,-19.80663500000125,-159.37935610838184,rema_100150__rema_100150,11.0,rema_100150__rema_100150_equity_convex
rsma_50100150__rtt_5020_equity_constant,7735.477299999993,-22.64522700000007,-56.08109768934154,rsma_50100150__rtt_5020,172.0,rsma_50100150__rtt_5020_equity_constant
rsma_50100150__rbo_20_equity_constant,7618.20389999999,-23.8179610000001,-63.61264185280344,rsma_50100150__rbo_20,273.0,rsma_50100150__rbo_20_equity_constant
rbo_100__rbo_20_equity_convex,7599.151099999831,-24.00848900000169,-96.76289626145159,rbo_100__rbo_20,379.0,rbo_100__rbo_20_equity_convex
rsma_50100150__rema_50100150_equity_concave,7593.724100000164,-24.06275899999836,-98.14994312721545,rsma_50100150__rema_50100150,176.0,rsma_50100150__rema_50100150_equity_concave
rbo_100__rbo_50_equity_convex,7499.461899999854,-25.00538100000146,-105.61504351289233,rbo_100__rbo_50,231.0,rbo_100__rbo_50_equity_convex
rbo_50__rbo_50_equity_constant,7478.143100000001,-25.21856899999999,-53.946254206463806,rbo_50__rbo_50,25.0,rbo_50__rbo_50_equity_constant
rbo_50__rtt_5020_equity_constant,7478.143100000001,-25.21856899999999,-53.946254206463806,rbo_50__rtt_5020,25.0,rbo_50__rtt_5020_equity_constant
rsma_50100150__rema_50100150_equity_convex,7343.1600000000335,-26.56839999999967,-96.3398962751324,rsma_50100150__rema_50100150,176.0,rsma_50100150__rema_50100150_equity_convex
rema_100150__rbo_50_equity_constant,7047.943099999991,-29.520569000000087,-57.34232112470866,rema_100150__rbo_50,216.0,rema_100150__rbo_50_equity_constant
rema_100150__rtt_5020_equity_constant,7039.350600000003,-29.606493999999962,-59.53449636394631,rema_100150__rtt_5020,171.0,rema_100150__rtt_5020_equity_constant
rsma_50100__rbo_20_equity_constant,6919.059500000009,-30.809404999999902,-64.93937193884967,rsma_50100__rbo_20,384.0,rsma_50100__rbo_20_equity_constant
rbo_50__rbo_20_equity_concave,6854.339599999804,-31.456604000001963,-96.64456335728701,rbo_50__rbo_20,262.0,rbo_50__rbo_20_equity_concave
rsma_100150__rbo_50_equity_constant,6790.687499999987,-32.09312500000012,-53.24253511008574,rsma_100150__rbo_50,278.0,rsma_100150__rbo_50_equity_constant
rtt_5020__rtt_5020_equity_constant,6570.709400000007,-34.29290599999993,-57.16372273257926,rtt_5020__rtt_5020,25.0,rtt_5020__rtt_5020_equity_constant
rtt_5020__rbo_50_equity_constant,6570.709400000007,-34.29290599999993,-57.16372273257926,rtt_5020__rbo_50,25.0,rtt_5020__rbo_50_equity_constant
rsma_50100150__rsma_50100150_equity_constant,6460.897399999997,-35.391026000000025,-66.05028022523284,rsma_50100150__rsma_50100150,27.0,rsma_50100150__rsma_50100150_equity_constant
rema_100150__rema_50100_equity_concave,6428.969799999982,-35.71030200000018,-178.00159474627674,rema_100150__rema_50100,65.0,rema_100150__rema_50100_equity_concave
rsma_50100150__rsma_100150_equity_convex,6305.572199999944,-36.944278000000565,-161.94030038702633,rsma_50100150__rsma_100150,152.0,rsma_50100150__rsma_100150_equity_convex
rema_50100__rbo_50_equity_constant,6301.839200000013,-36.981607999999866,-59.57745189188866,rema_50100__rbo_50,172.0,rema_50100__rbo_50_equity_constant
rema_100150__rbo_20_equity_convex,6253.233499999638,-37.46766500000361,-95.84554546182424,rema_100150__rbo_20,324.0,rema_100150__rbo_20_equity_convex
rsma_100150__rtt_5020_equity_constant,6218.711000000027,-37.81288999999973,-60.371979851405435,rsma_100150__rtt_5020,226.0,rsma_100150__rtt_5020_equity_constant
rema_50100__rtt_5020_equity_constant,6177.362600000004,-38.226373999999964,-61.1288269457497,rema_50100__rtt_5020,141.0,rema_50100__rtt_5020_equity_constant
rbo_50__rbo_20_equity_constant,6135.415200000001,-38.64584799999998,-59.81195463473104,rbo_50__rbo_20,262.0,rbo_50__rbo_20_equity_constant
rtt_5020__rbo_20_equity_constant,5743.818899999993,-42.56181100000007,-56.80148679424125,rtt_5020__rbo_20,40.0,rtt_5020__rbo_20_equity_constant
rema_100150__rbo_20_equity_constant,5730.568800000015,-42.694311999999854,-63.687646415536406,rema_100150__rbo_20,324.0,rema_100150__rbo_20_equity_constant
rema_50100__rbo_20_equity_convex,5684.838799999715,-43.15161200000285,-97.01834383476078,rema_50100__rbo_20,335.0,rema_50100__rbo_20_equity_convex
rbo_20__rtt_5020_equity_constant,5665.747299999991,-43.34252700000009,-64.15748954221787,rbo_20__rtt_5020,32.0,rbo_20__rtt_5020_equity_constant
rsma_100150__rema_50100150_equity_concave,5559.3064000000495,-44.40693599999951,-95.55854607029983,rsma_100150__rema_50100150,446.0,rsma_100150__rema_50100150_equity_concave
rema_100150__rbo_20_equity_concave,5554.931799999732,-44.450682000002686,-97.41906914233383,rema_100150__rbo_20,324.0,rema_100150__rbo_20_equity_concave
rema_50100__rbo_20_equity_constant,5535.803100000007,-44.641968999999925,-66.03137930399424,rema_50100__rbo_20,335.0,rema_50100__rbo_20_equity_constant
rema_50100__rsma_50100150_equity_constant,5533.541400000002,-44.664585999999986,-72.5684428445529,rema_50100__rsma_50100150,423.0,rema_50100__rsma_50100150_equity_constant
rbo_100__rbo_50_equity_constant,5465.958400000011,-45.340415999999884,-58.94491994512053,rbo_100__rbo_50,231.0,rbo_100__rbo_50_equity_constant
rsma_100150__rbo_20_equity_constant,5455.349800000016,-45.44650199999983,-65.52930069123522,rsma_100150__rbo_20,415.0,rsma_100150__rbo_20_equity_constant
rtt_5020__rsma_50100150_equity_constant,5399.053700000008,-46.009462999999926,-68.27631468436587,rtt_5020__rsma_50100150,274.0,rtt_5020__rsma_50100150_equity_constant
rsma_50100150__rema_50100_equity_constant,5378.064400000004,-46.21935599999997,-73.95233144690793,rsma_50100150__rema_50100,154.0,rsma_50100150__rema_50100_equity_constant
rema_50100__rbo_20_equity_concave,5260.650099999691,-47.39349900000309,-97.6587427415761,rema_50100__rbo_20,335.0,rema_50100__rbo_20_equity_concave
rbo_50__rsma_50100150_equity_constant,5250.959000000004,-47.49040999999996,-69.02299913950294,rbo_50__rsma_50100150,410.0,rbo_50__rsma_50100150_equity_constant
rbo_20__rbo_50_equity_constant,5087.915599999999,-49.120844000000005,-65.83475125844376,rbo_20__rbo_50,107.0,rbo_20__rbo_50_equity_constant
rbo_20__rbo_50_equity_convex,5072.337699999943,-49.276623000000576,-100.70815101888454,rbo_20__rbo_50,107.0,rbo_20__rbo_50_equity_convex
rema_50100150__rbo_50_equity_constant,4998.554699999989,-50.01445300000012,-59.47976391994069,rema_50100150__rbo_50,191.0,rema_50100150__rbo_50_equity_constant
rsma_50100150__rsma_50100_equity_constant,4989.159000000034,-50.10840999999966,-65.33506914306474,rsma_50100150__rsma_50100,130.0,rsma_50100150__rsma_50100_equity_constant
rbo_100__rtt_5020_equity_constant,4888.224000000002,-51.117759999999976,-65.73499574231869,rbo_100__rtt_5020,182.0,rbo_100__rtt_5020_equity_constant
rsma_100150__rsma_50100150_equity_constant,4886.810300000001,-51.13189699999998,-70.33477870411208,rsma_100150__rsma_50100150,456.0,rsma_100150__rsma_50100150_equity_constant
rbo_50__rema_50100_equity_constant,4883.5910999999805,-51.1640890000002,-75.49826917806519,rbo_50__rema_50100,116.0,rbo_50__rema_50100_equity_constant
rbo_20__rbo_20_equity_constant,4882.298000000013,-51.177019999999864,-62.81335652306005,rbo_20__rbo_20,47.0,rbo_20__rbo_20_equity_constant
rsma_50100150__rbo_100_equity_constant,4852.901500000004,-51.470984999999956,-69.81789740862305,rsma_50100150__rbo_100,143.0,rsma_50100150__rbo_100_equity_constant
rsma_50100__rsma_50100150_equity_constant,4814.237500000001,-51.857625,-68.95679830873068,rsma_50100__rsma_50100150,428.0,rsma_50100__rsma_50100150_equity_constant
rbo_100__rsma_50100150_equity_convex,4761.199400000264,-52.388005999997354,-93.94271566060573,rbo_100__rsma_50100150,473.0,rbo_100__rsma_50100150_equity_convex
rsma_50100150__rema_100150_equity_constant,4648.9983999999895,-53.51001600000011,-79.04313024439136,rsma_50100150__rema_100150,181.0,rsma_50100150__rema_100150_equity_constant
rema_50100150__rtt_5020_equity_constant,4635.3870000000015,-53.64612999999998,-62.53242671496923,rema_50100150__rtt_5020,154.0,rema_50100150__rtt_5020_equity_constant
rema_50100__rsma_50100_equity_constant,4494.995100000002,-55.05004899999998,-73.38941163517251,rema_50100__rsma_50100,90.0,rema_50100__rsma_50100_equity_constant
rsma_100150__rbo_20_equity_convex,4370.50849999989,-56.2949150000011,-95.4905758900227,rsma_100150__rbo_20,415.0,rsma_100150__rbo_20_equity_convex
rbo_100__rbo_20_equity_constant,4343.776000000006,-56.56223999999994,-71.11173816260347,rbo_100__rbo_20,379.0,rbo_100__rbo_20_equity_constant
rbo_100__rbo_50_equity_concave,4336.873699999797,-56.63126300000203,-104.16880140809268,rbo_100__rbo_50,231.0,rbo_100__rbo_50_equity_concave
rsma_50100__rema_50100150_equity_concave,4243.113800000121,-57.56886199999879,-98.37979602014482,rsma_50100__rema_50100150,455.0,rsma_50100__rema_50100150_equity_concave
rbo_20__rbo_50_equity_concave,4153.235599999857,-58.46764400000143,-100.446655922561,rbo_20__rbo_50,107.0,rbo_20__rbo_50_equity_concave
rsma_100150__rsma_50100_equity_constant,4112.169600000008,-58.878303999999915,-72.1037981461357,rsma_100150__rsma_50100,170.0,rsma_100150__rsma_50100_equity_constant
rbo_100__rsma_50100150_equity_concave,3986.0864000003307,-60.1391359999967,-97.71655375803677,rbo_100__rsma_50100150,473.0,rbo_100__rsma_50100150_equity_concave
rema_50100150__rbo_20_equity_constant,3971.787700000011,-60.282122999999885,-67.01320156967556,rema_50100150__rbo_20,254.0,rema_50100150__rbo_20_equity_constant
rbo_20__rsma_50100150_equity_constant,3955.955700000003,-60.440442999999966,-77.081982,rbo_20__rsma_50100150,336.0,rbo_20__rsma_50100150_equity_constant
rema_100150__rema_50100150_equity_constant,3947.156300000018,-60.528436999999826,-79.86485811953385,rema_100150__rema_50100150,396.0,rema_100150__rema_50100150_equity_constant
rbo_50__rsma_100150_equity_constant,3936.1654999999937,-60.63834500000007,-78.1506843316795,rbo_50__rsma_100150,183.0,rbo_50__rsma_100150_equity_constant
rbo_100__rsma_50100_equity_constant,3929.4754999999845,-60.705245000000154,-73.89459956958962,rbo_100__rsma_50100,123.0,rbo_100__rsma_50100_equity_constant
rbo_100__rsma_50100150_equity_constant,3867.548300000009,-61.324516999999915,-75.58529934974365,rbo_100__rsma_50100150,473.0,rbo_100__rsma_50100150_equity_constant
rtt_5020__rema_50100_equity_constant,3817.592899999998,-61.824071000000025,-79.1031169046644,rtt_5020__rema_50100,70.0,rtt_5020__rema_50100_equity_constant
rsma_100150__rema_50100_equity_constant,3815.5918000000147,-61.844081999999844,-78.09812776178624,rsma_100150__rema_50100,141.0,rsma_100150__rema_50100_equity_constant
rema_50100__rsma_100150_equity_constant,3756.6214000000177,-62.43378599999983,-74.46348857204505,rema_50100__rsma_100150,101.0,rema_50100__rsma_100150_equity_constant
rema_100150__rsma_50100150_equity_constant,3752.639200000009,-62.4736079999999,-79.40663662726537,rema_100150__rsma_50100150,407.0,rema_100150__rsma_50100150_equity_constant
rsma_100150__rema_100150_equity_constant,3752.136099999993,-62.47863900000007,-81.42402713280494,rsma_100150__rema_100150,153.0,rsma_100150__rema_100150_equity_constant
rsma_50100__rsma_100150_equity_constant,3744.921900000006,-62.55078099999993,-77.76520637281905,rsma_50100__rsma_100150,164.0,rsma_50100__rsma_100150_equity_constant
rbo_50__rbo_100_equity_constant,3703.2117999999878,-62.96788200000012,-78.59996494753744,rbo_50__rbo_100,116.0,rbo_50__rbo_100_equity_constant
rbo_50__rema_50100150_equity_concave,3695.366900000064,-63.04633099999937,-97.00515013884913,rbo_50__rema_50100150,422.0,rbo_50__rema_50100150_equity_concave
rema_100150__rsma_50100_equity_constant,3679.297099999997,-63.207029000000034,-79.7146199171655,rema_100150__rsma_50100,118.0,rema_100150__rsma_50100_equity_constant
rsma_50100150__rsma_100150_equity_constant,3627.843900000008,-63.72156099999992,-75.16917781834364,rsma_50100150__rsma_100150,152.0,rsma_50100150__rsma_100150_equity_constant
rsma_50100__rema_50100_equity_constant,3539.1298000000024,-64.60870199999998,-79.96886392232895,rsma_50100__rema_50100,123.0,rsma_50100__rema_50100_equity_constant
rsma_100150__rsma_100150_equity_constant,3535.4735000000155,-64.64526499999985,-74.95813075471897,rsma_100150__rsma_100150,15.0,rsma_100150__rsma_100150_equity_constant
rtt_5020__rsma_100150_equity_constant,3495.5877000000028,-65.04412299999997,-79.89369137979935,rtt_5020__rsma_100150,134.0,rtt_5020__rsma_100150_equity_constant
rema_100150__rema_50100_equity_constant,3478.281899999992,-65.21718100000008,-80.79716767532989,rema_100150__rema_50100,65.0,rema_100150__rema_50100_equity_constant
rbo_50__rema_100150_equity_constant,3406.965599999981,-65.93034400000019,-82.23551970846344,rbo_50__rema_100150,203.0,rbo_50__rema_100150_equity_constant
rbo_100__rsma_100150_equity_constant,3394.5721000000003,-66.05427900000001,-79.32199187003559,rbo_100__rsma_100150,118.0,rbo_100__rsma_100150_equity_constant
rsma_50100150__rema_50100150_equity_constant,3379.270899999983,-66.20729100000017,-81.82618528212073,rsma_50100150__rema_50100150,176.0,rsma_50100150__rema_50100150_equity_constant
rsma_50100__rema_50100150_equity_convex,3367.3014000000735,-66.32698599999927,-98.34365840940916,rsma_50100__rema_50100150,455.0,rsma_50100__rema_50100150_equity_convex
rema_50100__rbo_100_equity_constant,3321.9510000000037,-66.78048999999997,-78.75078628259557,rema_50100__rbo_100,65.0,rema_50100__rbo_100_equity_constant
rema_100150__rema_100150_equity_constant,3295.7684000000017,-67.04231599999999,-80.53709197796427,rema_100150__rema_100150,11.0,rema_100150__rema_100150_equity_constant
rsma_100150__rema_50100150_equity_convex,3276.4044000000204,-67.2359559999998,-91.87333417576545,rsma_100150__rema_50100150,446.0,rsma_100150__rema_50100150_equity_convex
rsma_50100__rbo_100_equity_constant,3271.4573000000028,-67.28542699999997,-78.1241787083457,rsma_50100__rbo_100,91.0,rsma_50100__rbo_100_equity_constant
rema_50100__rema_50100_equity_constant,3242.004399999998,-67.57995600000002,-81.00121756713288,rema_50100__rema_50100,17.0,rema_50100__rema_50100_equity_constant
rsma_100150__rbo_100_equity_constant,3183.094200000017,-68.16905799999984,-77.22736249971618,rsma_100150__rbo_100,94.0,rsma_100150__rbo_100_equity_constant
rema_50100150__rema_50100_equity_constant,3081.940400000001,-69.180596,-81.85553682660314,rema_50100150__rema_50100,109.0,rema_50100150__rema_50100_equity_constant
rema_100150__rsma_100150_equity_constant,3058.7628000000086,-69.4123719999999,-81.71179243387637,rema_100150__rsma_100150,74.0,rema_100150__rsma_100150_equity_constant
rbo_100__rtt_5020_equity_convex,3014.020899999762,-69.85979100000237,-101.91832964596227,rbo_100__rtt_5020,182.0,rbo_100__rtt_5020_equity_convex
rbo_100__rbo_100_equity_constant,3009.573300000006,-69.90426699999995,-79.73584076060911,rbo_100__rbo_100,13.0,rbo_100__rbo_100_equity_constant
rtt_5020__rbo_50_equity_convex,2907.6051999999972,-70.92394800000002,-100.7529350079761,rtt_5020__rbo_50,25.0,rtt_5020__rbo_50_equity_convex
rtt_5020__rtt_5020_equity_convex,2907.6051999999972,-70.92394800000002,-100.7529350079761,rtt_5020__rtt_5020,25.0,rtt_5020__rtt_5020_equity_convex
rema_50100__rema_100150_equity_constant,2899.9371000000147,-71.00062899999986,-82.63463604332156,rema_50100__rema_100150,106.0,rema_50100__rema_100150_equity_constant
rbo_100__rema_50100150_equity_constant,2876.726499999995,-71.23273500000005,-83.8975702311989,rbo_100__rema_50100150,428.0,rbo_100__rema_50100150_equity_constant
rtt_5020__rbo_100_equity_constant,2863.537700000005,-71.36462299999995,-81.30461486838234,rtt_5020__rbo_100,71.0,rtt_5020__rbo_100_equity_constant
rema_100150__rbo_100_equity_constant,2824.9963000000075,-71.75003699999992,-82.6003606005394,rema_100150__rbo_100,72.0,rema_100150__rbo_100_equity_constant
rbo_50__rema_50100_equity_convex,2815.0261999999916,-71.84973800000009,-222.80469095670406,rbo_50__rema_50100,116.0,rbo_50__rema_50100_equity_convex
rtt_5020__rema_100150_equity_constant,2783.7919999999995,-72.16208,-84.12115942155343,rtt_5020__rema_100150,115.0,rtt_5020__rema_100150_equity_constant
rtt_5020__rbo_50_equity_concave,2770.2917999999445,-72.29708200000056,-100.58155563059215,rtt_5020__rbo_50,25.0,rtt_5020__rbo_50_equity_concave
rtt_5020__rtt_5020_equity_concave,2770.2917999999445,-72.29708200000056,-100.58155563059215,rtt_5020__rtt_5020,25.0,rtt_5020__rtt_5020_equity_concave
rbo_100__rema_50100_equity_constant,2742.0041999999944,-72.57995800000006,-81.68097708452541,rbo_100__rema_50100,126.0,rbo_100__rema_50100_equity_constant
rema_50100__rsma_50100150_equity_convex,2705.8600000006318,-72.94139999999368,-98.20529184179804,rema_50100__rsma_50100150,423.0,rema_50100__rsma_50100150_equity_convex
rbo_50__rema_50100_equity_concave,2687.738699999988,-73.12261300000011,-150.64654697102728,rbo_50__rema_50100,116.0,rbo_50__rema_50100_equity_concave
rsma_50100__rema_100150_equity_constant,2675.8350000000055,-73.24164999999995,-84.16036318025394,rsma_50100__rema_100150,193.0,rsma_50100__rema_100150_equity_constant
rbo_20__rbo_100_equity_constant,2648.23680000001,-73.5176319999999,-82.31622199999991,rbo_20__rbo_100,104.0,rbo_20__rbo_100_equity_constant
rema_50100150__rsma_50100150_equity_constant,2647.852399999994,-73.52147600000006,-80.26195031909798,rema_50100150__rsma_50100150,160.0,rema_50100150__rsma_50100150_equity_constant
rsma_100150__rema_50100150_equity_constant,2608.3970999999906,-73.9160290000001,-81.1394356000711,rsma_100150__rema_50100150,446.0,rsma_100150__rema_50100150_equity_constant
rema_50100150__rsma_100150_equity_constant,2467.3458999999993,-75.326541,-83.80620630930188,rema_50100150__rsma_100150,121.0,rema_50100150__rsma_100150_equity_constant
rbo_100__rtt_5020_equity_concave,2454.7219999998338,-75.45278000000167,-101.78453602578719,rbo_100__rtt_5020,182.0,rbo_100__rtt_5020_equity_concave
rbo_50__rema_50100150_equity_constant,2421.7177999999835,-75.78282200000017,-84.56365820758674,rbo_50__rema_50100150,422.0,rbo_50__rema_50100150_equity_constant
rtt_5020__rema_50100150_equity_constant,2406.6988999999876,-75.93301100000012,-83.54424817030863,rtt_5020__rema_50100150,280.0,rtt_5020__rema_50100150_equity_constant
rbo_100__rema_100150_equity_constant,2387.811200000002,-76.12188799999998,-84.73405916798261,rbo_100__rema_100150,174.0,rbo_100__rema_100150_equity_constant
rema_50100150__rema_50100150_equity_constant,2385.6902000000027,-76.14309799999998,-82.8093728298838,rema_50100150__rema_50100150,21.0,rema_50100150__rema_50100150_equity_constant
rbo_20__rema_50100_equity_constant,2345.9943999999923,-76.54005600000008,-84.5527980000001,rbo_20__rema_50100,123.0,rbo_20__rema_50100_equity_constant
rema_50100__rbo_50_equity_convex,2324.0826999998903,-76.7591730000011,-102.06733378150479,rema_50100__rbo_50,172.0,rema_50100__rbo_50_equity_convex
rsma_50100__rema_50100150_equity_constant,2307.670899999995,-76.92329100000005,-84.84454206152343,rsma_50100__rema_50100150,455.0,rsma_50100__rema_50100150_equity_constant
rbo_20__rema_100150_equity_constant,2264.7949000000003,-77.352051,-85.49911799999997,rbo_20__rema_100150,154.0,rbo_20__rema_100150_equity_constant
rema_50100150__rema_100150_equity_constant,2262.4818000000137,-77.37518199999987,-82.09210840391286,rema_50100150__rema_100150,153.0,rema_50100150__rema_100150_equity_constant
rsma_100150__rbo_20_equity_concave,2191.9470999999344,-78.08052900000065,-97.22458788366322,rsma_100150__rbo_20,415.0,rsma_100150__rbo_20_equity_concave
rema_50100__rema_50100150_equity_constant,2189.465199999999,-78.105348,-84.3838312911419,rema_50100__rema_50100150,395.0,rema_50100__rema_50100150_equity_constant
rbo_20__rsma_100150_equity_constant,2174.173500000001,-78.258265,-84.528927,rbo_20__rsma_100150,167.0,rbo_20__rsma_100150_equity_constant
rbo_20__rtt_5020_equity_concave,2155.085899999998,-78.44914100000003,-100.38889847383712,rbo_20__rtt_5020,32.0,rbo_20__rtt_5020_equity_concave
rema_50100__rsma_50100150_equity_concave,2081.812500000764,-79.18187499999236,-99.15200807619279,rema_50100__rsma_50100150,423.0,rema_50100__rsma_50100150_equity_concave
rema_50100150__rbo_100_equity_constant,2075.1101000000044,-79.24889899999997,-81.40317626415661,rema_50100150__rbo_100,80.0,rema_50100150__rbo_100_equity_constant
rsma_50100150__rsma_50100_equity_concave,2053.553199999979,-79.46446800000021,-94.4930620507483,rsma_50100150__rsma_50100,130.0,rsma_50100150__rsma_50100_equity_concave
rsma_50100__rsma_50100150_equity_concave,2046.3361000000389,-79.53663899999961,-96.1133715376706,rsma_50100__rsma_50100150,428.0,rsma_50100__rsma_50100150_equity_concave
rsma_50100__rema_100150_equity_concave,1962.5369999999111,-80.37463000000089,-135.75787182255422,rsma_50100__rema_100150,193.0,rsma_50100__rema_100150_equity_concave
rbo_20__rema_50100150_equity_constant,1939.7611999999997,-80.602388,-85.065717,rbo_20__rema_50100150,328.0,rbo_20__rema_50100150_equity_constant
rbo_20__rtt_5020_equity_convex,1936.4630999999865,-80.63536900000014,-100.43064295291654,rbo_20__rtt_5020,32.0,rbo_20__rtt_5020_equity_convex
rtt_5020_equity_constant,1873.5795999999946,-81.26420400000005,-88.61862478968567,rtt_5020,,rtt_5020_equity_constant
rsma_100150__rsma_50100150_equity_concave,1848.7064999998406,-81.51293500000159,-98.20239493189263,rsma_100150__rsma_50100150,456.0,rsma_100150__rsma_50100150_equity_concave
rsma_100150__rsma_50100150_equity_convex,1807.8780999998892,-81.92121900000112,-98.11532860551493,rsma_100150__rsma_50100150,456.0,rsma_100150__rsma_50100150_equity_convex
rema_50100__rbo_50_equity_concave,1789.2872999998992,-82.107127000001,-101.86584088473971,rema_50100__rbo_50,172.0,rema_50100__rbo_50_equity_concave
rsma_50100__rsma_50100_equity_constant,1705.6058999999962,-82.94394100000004,-99.39149392441428,rsma_50100__rsma_50100,19.0,rsma_50100__rsma_50100_equity_constant
rema_100150__rsma_50100150_equity_convex,1626.06479999996,-83.7393520000004,-98.28948032089369,rema_100150__rsma_50100150,407.0,rema_100150__rsma_50100150_equity_convex
rbo_50__rsma_50100_equity_constant,1600.404600000004,-83.99595399999995,-99.42598450910855,rbo_50__rsma_50100,103.0,rbo_50__rsma_50100_equity_constant
rbo_50__rbo_50_equity_convex,1570.878599999995,-84.29121400000005,-100.42232395468493,rbo_50__rbo_50,25.0,rbo_50__rbo_50_equity_convex
rbo_50__rtt_5020_equity_convex,1570.878599999995,-84.29121400000005,-100.42232395468493,rbo_50__rtt_5020,25.0,rbo_50__rtt_5020_equity_convex
rema_100150__rsma_50100150_equity_concave,1556.6439999999259,-84.43356000000074,-98.73443212690074,rema_100150__rsma_50100150,407.0,rema_100150__rsma_50100150_equity_concave
rsma_50100__rsma_50100150_equity_convex,1523.5792000000338,-84.76420799999967,-95.40456771716681,rsma_50100__rsma_50100150,428.0,rsma_50100__rsma_50100150_equity_convex
rbo_50__rbo_50_equity_concave,1452.942300000007,-85.47057699999993,-100.30805013832615,rbo_50__rbo_50,25.0,rbo_50__rbo_50_equity_concave
rbo_50__rtt_5020_equity_concave,1452.942300000007,-85.47057699999993,-100.30805013832615,rbo_50__rtt_5020,25.0,rbo_50__rtt_5020_equity_concave
rema_50100__rtt_5020_equity_convex,1415.170199999917,-85.84829800000084,-101.11939925980604,rema_50100__rtt_5020,141.0,rema_50100__rtt_5020_equity_convex
rema_100150__rbo_50_equity_convex,1413.8699999999235,-85.86130000000077,-102.9562309673315,rema_100150__rbo_50,216.0,rema_100150__rbo_50_equity_convex
rsma_50100150__rbo_20_equity_convex,1372.916900000007,-86.27083099999993,-93.04987534232492,rsma_50100150__rbo_20,273.0,rsma_50100150__rbo_20_equity_convex
rsma_50100__rbo_20_equity_concave,1319.8804999999643,-86.80119500000036,-98.92931570557091,rsma_50100__rbo_20,384.0,rsma_50100__rbo_20_equity_concave
rema_100150__rbo_50_equity_concave,1298.1623999999429,-87.01837600000057,-102.47951982696915,rema_100150__rbo_50,216.0,rema_100150__rbo_50_equity_concave
rbo_50__rsma_50100150_equity_convex,1298.0385000000442,-87.01961499999956,-96.39650676668238,rbo_50__rsma_50100150,410.0,rbo_50__rsma_50100150_equity_convex
rsma_100150__rbo_50_equity_convex,1226.624199999909,-87.7337580000009,-103.4249690152708,rsma_100150__rbo_50,278.0,rsma_100150__rbo_50_equity_convex
rtt_5020__rsma_50100_equity_constant,1170.5224999999896,-88.2947750000001,-99.54064824576984,rtt_5020__rsma_50100,85.0,rtt_5020__rsma_50100_equity_constant
rsma_100150__rbo_50_equity_concave,1145.7950999998916,-88.54204900000109,-102.8864878382292,rsma_100150__rbo_50,278.0,rsma_100150__rbo_50_equity_concave
rsma_50100__rbo_20_equity_convex,1135.7544999999348,-88.64245500000065,-98.76147507572334,rsma_50100__rbo_20,384.0,rsma_50100__rbo_20_equity_convex
rsma_50100150__rbo_50_equity_concave,1131.061800000059,-88.68938199999941,-97.62744751373707,rsma_50100150__rbo_50,192.0,rsma_50100150__rbo_50_equity_concave
rsma_50100150__rbo_20_equity_concave,1124.0163000000325,-88.75983699999968,-94.11890926500284,rsma_50100150__rbo_20,273.0,rsma_50100150__rbo_20_equity_concave
rsma_50100150__rtt_5020_equity_concave,1056.3051000000544,-89.43694899999946,-97.75090309617028,rsma_50100150__rtt_5020,172.0,rsma_50100150__rtt_5020_equity_concave
rbo_20__rsma_50100_equity_constant,1025.2573999999972,-89.74742600000003,-99.52418900000006,rbo_20__rsma_50100,143.0,rbo_20__rsma_50100_equity_constant
rsma_50100150__rbo_50_equity_convex,1014.9046000000384,-89.85095399999962,-97.64419255032992,rsma_50100150__rbo_50,192.0,rsma_50100150__rbo_50_equity_convex
rsma_50100150__rtt_5020_equity_convex,955.8869000000423,-90.44113099999957,-97.72798410234589,rsma_50100150__rtt_5020,172.0,rsma_50100150__rtt_5020_equity_convex
rbo_50__rema_100150_equity_concave,881.7906999999498,-91.1820930000005,-149.6041921716741,rbo_50__rema_100150,203.0,rbo_50__rema_100150_equity_concave
rema_50100__rtt_5020_equity_concave,839.4830999998132,-91.60516900000187,-100.89756767655314,rema_50100__rtt_5020,141.0,rema_50100__rtt_5020_equity_concave
rema_50100150__rsma_50100_equity_constant,828.3982999999947,-91.71601700000005,-99.51218924571809,rema_50100150__rsma_50100,137.0,rema_50100150__rsma_50100_equity_constant
rema_100150__rtt_5020_equity_concave,692.0096999998842,-93.07990300000115,-101.18111394189833,rema_100150__rtt_5020,171.0,rema_100150__rtt_5020_equity_concave
rema_100150__rtt_5020_equity_convex,683.0707999999081,-93.16929200000092,-101.15696119563916,rema_100150__rtt_5020,171.0,rema_100150__rtt_5020_equity_convex
rsma_50100150__rsma_50100150_equity_concave,604.9267000000062,-93.95073299999994,-97.09693226126218,rsma_50100150__rsma_50100150,27.0,rsma_50100150__rsma_50100150_equity_concave
rtt_5020__rsma_50100150_equity_concave,604.7584999999722,-93.95241500000027,-97.89057639818553,rtt_5020__rsma_50100150,274.0,rtt_5020__rsma_50100150_equity_concave
rsma_50100__rbo_50_equity_concave,582.5489000000241,-94.17451099999977,-100.6763001393508,rsma_50100__rbo_50,186.0,rsma_50100__rbo_50_equity_concave
rsma_50100__rbo_50_equity_convex,572.045400000041,-94.2795459999996,-100.6694023281172,rsma_50100__rbo_50,186.0,rsma_50100__rbo_50_equity_convex
rbo_20__rsma_50100150_equity_concave,559.078099999966,-94.40921900000035,-98.97674160943123,rbo_20__rsma_50100150,336.0,rbo_20__rsma_50100150_equity_concave
rsma_50100150__rsma_50100150_equity_convex,553.2788000000014,-94.46721199999999,-96.93907867188135,rsma_50100150__rsma_50100150,27.0,rsma_50100150__rsma_50100150_equity_convex
rbo_20__rsma_50100150_equity_convex,522.0420000000042,-94.77957999999995,-99.00495935985774,rbo_20__rsma_50100150,336.0,rbo_20__rsma_50100150_equity_convex
rsma_100150__rtt_5020_equity_convex,437.344799999948,-95.62655200000052,-101.00532511423388,rsma_100150__rtt_5020,226.0,rsma_100150__rtt_5020_equity_convex
rsma_100150__rtt_5020_equity_concave,421.4928999999226,-95.78507100000078,-100.9853292377875,rsma_100150__rtt_5020,226.0,rsma_100150__rtt_5020_equity_concave
rbo_50__rsma_50100_equity_concave,399.6318000000027,-96.00368199999997,-199.15977671113058,rbo_50__rsma_50100,103.0,rbo_50__rsma_50100_equity_concave
rsma_50100__rtt_5020_equity_concave,329.809700000001,-96.70190299999999,-100.36681087407335,rsma_50100__rtt_5020,163.0,rsma_50100__rtt_5020_equity_concave
rsma_50100__rtt_5020_equity_convex,313.969100000033,-96.86030899999966,-100.37594552363083,rsma_50100__rtt_5020,163.0,rsma_50100__rtt_5020_equity_convex
rtt_5020__rsma_50100150_equity_convex,256.63179999998437,-97.43368200000016,-99.0039414428619,rtt_5020__rsma_50100150,274.0,rtt_5020__rsma_50100150_equity_convex
rbo_50__rsma_50100_equity_convex,-77.10800000000594,-100.77108000000005,-100.8071493288864,rbo_50__rsma_50100,103.0,rbo_50__rsma_50100_equity_convex
rbo_50__rsma_50100150_equity_concave,-403.79380000001186,-104.03793800000012,-127.08826079154186,rbo_50__rsma_50100150,410.0,rbo_50__rsma_50100150_equity_concave
rema_100150__rema_50100150_equity_concave,-1092.1380000000063,-110.92138000000007,-162.65154819034979,rema_100150__rema_50100150,396.0,rema_100150__rema_50100150_equity_concave
rsma_100150__rema_100150_equity_convex,-1304.2529000000172,-113.04252900000019,-115.94755739940416,rsma_100150__rema_100150,153.0,rsma_100150__rema_100150_equity_convex
rbo_50__rsma_100150_equity_concave,-1528.5103000000072,-115.28510300000008,-112.5070681606048,rbo_50__rsma_100150,183.0,rbo_50__rsma_100150_equity_concave
rsma_100150__rema_100150_equity_concave,-1819.1476000000494,-118.19147600000048,-115.94413652349135,rsma_100150__rema_100150,153.0,rsma_100150__rema_100150_equity_concave
rsma_50100__rema_50100_equity_convex,-2339.3965999999655,-123.39396599999965,-107.94184388802503,rsma_50100__rema_50100,123.0,rsma_50100__rema_50100_equity_convex
rsma_50100150__rema_50100_equity_concave,-2864.223699999963,-128.64223699999962,-114.34323364877422,rsma_50100150__rema_50100,154.0,rsma_50100150__rema_50100_equity_concave
rtt_5020__rsma_50100_equity_concave,-2879.3357000000074,-128.79335700000007,-106.265104290469,rtt_5020__rsma_50100,85.0,rtt_5020__rsma_50100_equity_concave
rsma_50100__rema_50100_equity_concave,-2936.06169999994,-129.36061699999942,-107.75250363461888,rsma_50100__rema_50100,123.0,rsma_50100__rema_50100_equity_concave
rtt_5020__rsma_50100_equity_convex,-3210.6289999999635,-132.10628999999963,-101.94398627501032,rtt_5020__rsma_50100,85.0,rtt_5020__rsma_50100_equity_convex
rsma_50100150__rema_50100_equity_convex,-3454.7296999999703,-134.5472969999997,-115.1362203203628,rsma_50100150__rema_50100,154.0,rsma_50100150__rema_50100_equity_convex
rema_100150__rema_50100150_equity_convex,-4076.782300000305,-140.76782300000306,-138.07952621460518,rema_100150__rema_50100150,396.0,rema_100150__rema_50100150_equity_convex
rbo_50__rema_100150_equity_convex,-4374.514800000003,-143.74514800000003,-121.8023932206845,rbo_50__rema_100150,203.0,rbo_50__rema_100150_equity_convex
rema_100150__rsma_50100_equity_convex,-4752.529199999838,-147.5252919999984,-107.31241364690706,rema_100150__rsma_50100,118.0,rema_100150__rsma_50100_equity_convex
rsma_50100150__rsma_50100_equity_convex,-5156.388900000024,-151.56388900000024,-196.9356756036095,rsma_50100150__rsma_50100,130.0,rsma_50100150__rsma_50100_equity_convex
rbo_20__rsma_50100_equity_convex,-5462.301899999864,-154.62301899999864,-102.76203415814051,rbo_20__rsma_50100,143.0,rbo_20__rsma_50100_equity_convex
rema_100150__rsma_50100_equity_concave,-5626.604999999927,-156.26604999999927,-107.30555906153074,rema_100150__rsma_50100,118.0,rema_100150__rsma_50100_equity_concave
rbo_20__rema_100150_equity_convex,-7729.43920000005,-177.2943920000005,-122.38904461466551,rbo_20__rema_100150,154.0,rbo_20__rema_100150_equity_convex
rbo_100__rema_50100150_equity_convex,-8139.328000000154,-181.39328000000154,-309.65098540926465,rbo_100__rema_50100150,428.0,rbo_100__rema_50100150_equity_convex
rsma_50100__rema_100150_equity_convex,-8506.26869999971,-185.06268699999708,-137.2046975529422,rsma_50100__rema_100150,193.0,rsma_50100__rema_100150_equity_convex
rema_50100__rsma_50100_equity_convex,-8585.184800000177,-185.85184800000175,-105.91251404965531,rema_50100__rsma_50100,90.0,rema_50100__rsma_50100_equity_convex
rsma_50100150__rbo_100_equity_convex,-8874.111400000003,-188.741114,-157.86505209486086,rsma_50100150__rbo_100,143.0,rsma_50100150__rbo_100_equity_convex
rbo_50__rema_50100150_equity_convex,-9221.174100000153,-192.21174100000152,-321.73362622653576,rbo_50__rema_50100150,422.0,rbo_50__rema_50100150_equity_convex
rsma_100150__rsma_50100_equity_convex,-9524.137200000097,-195.24137200000098,-119.65759185859002,rsma_100150__rsma_50100,170.0,rsma_100150__rsma_50100_equity_convex
rema_100150__rbo_100_equity_convex,-9863.665500000043,-198.63665500000042,-135.52063012152962,rema_100150__rbo_100,72.0,rema_100150__rbo_100_equity_convex
rbo_100__rsma_50100_equity_convex,-9984.519400000043,-199.84519400000042,-122.60173876630607,rbo_100__rsma_50100,123.0,rbo_100__rsma_50100_equity_convex
rsma_100150__rsma_50100_equity_concave,-10302.912200000108,-203.02912200000108,-111.3703351887789,rsma_100150__rsma_50100,170.0,rsma_100150__rsma_50100_equity_concave
rsma_50100150__rema_100150_equity_concave,-10811.81609999998,-208.11816099999982,-140.23808845853566,rsma_50100150__rema_100150,181.0,rsma_50100150__rema_100150_equity_concave
rbo_50__rsma_100150_equity_convex,-11894.51430000007,-218.9451430000007,-132.0879889695581,rbo_50__rsma_100150,183.0,rbo_50__rsma_100150_equity_convex
rbo_100__rema_50100150_equity_concave,-13585.121900000371,-235.8512190000037,-330.75642624157086,rbo_100__rema_50100150,428.0,rbo_100__rema_50100150_equity_concave
rsma_50100150__rema_100150_equity_convex,-14060.776400000012,-240.60776400000012,-151.9602114115858,rsma_50100150__rema_100150,181.0,rsma_50100150__rema_100150_equity_convex
rtt_5020__rema_50100150_equity_convex,-17307.849399999974,-273.07849399999975,-325.23226396673823,rtt_5020__rema_50100150,280.0,rtt_5020__rema_50100150_equity_convex
rtt_5020__rema_50100150_equity_concave,-20432.022800000064,-304.3202280000006,-328.2549309291601,rtt_5020__rema_50100150,280.0,rtt_5020__rema_50100150_equity_concave
rbo_100__rsma_100150_equity_convex,-24230.129300000128,-342.3012930000013,-129.02774901131147,rbo_100__rsma_100150,118.0,rbo_100__rsma_100150_equity_convex
rsma_50100__rsma_100150_equity_concave,-24436.067600000002,-344.360676,-131.8946291351223,rsma_50100__rsma_100150,164.0,rsma_50100__rsma_100150_equity_concave
rtt_5020__rsma_100150_equity_convex,-32718.230400000062,-427.1823040000006,-125.79661156358213,rtt_5020__rsma_100150,134.0,rtt_5020__rsma_100150_equity_convex
rema_100150__rsma_100150_equity_convex,-35651.71919999991,-456.5171919999991,-160.72693050732653,rema_100150__rsma_100150,74.0,rema_100150__rsma_100150_equity_convex
rbo_20__rema_50100150_equity_convex,-35652.07789999972,-456.5207789999972,-287.1752411495308,rbo_20__rema_50100150,328.0,rbo_20__rema_50100150_equity_convex
rema_50100150__rema_50100150_equity_convex,-35967.52829999995,-459.67528299999947,-252.95203923430734,rema_50100150__rema_50100150,21.0,rema_50100150__rema_50100150_equity_convex
rema_50100__rema_50100150_equity_convex,-36232.6428000006,-462.32642800000593,-357.0849741780974,rema_50100__rema_50100150,395.0,rema_50100__rema_50100150_equity_convex
rema_50100150__rema_100150_equity_convex,-36931.91379999999,-469.31913799999984,-231.3383369150386,rema_50100150__rema_100150,153.0,rema_50100150__rema_100150_equity_convex
rema_50100150__rema_50100150_equity_concave,-43745.0012,-537.4500119999999,-253.57437488083093,rema_50100150__rema_50100150,21.0,rema_50100150__rema_50100150_equity_concave
rema_50100__rema_50100150_equity_concave,-44070.3543000006,-540.703543000006,-358.15339109541156,rema_50100__rema_50100150,395.0,rema_50100__rema_50100150_equity_concave
rbo_20__rema_50100150_equity_concave,-48399.69830000009,-583.9969830000009,-287.58074261046215,rbo_20__rema_50100150,328.0,rbo_20__rema_50100150_equity_concave
rema_50100__rsma_100150_equity_convex,-52929.60009999989,-629.2960009999988,-160.0530908739554,rema_50100__rsma_100150,101.0,rema_50100__rsma_100150_equity_convex
rsma_50100__rsma_100150_equity_convex,-57118.18819999985,-671.1818819999985,-141.98283066491578,rsma_50100__rsma_100150,164.0,rsma_50100__rsma_100150_equity_convex
rema_50100150__rsma_50100_equity_concave,-97545.95110000034,-1075.4595110000034,-372.11687758760854,rema_50100150__rsma_50100,137.0,rema_50100150__rsma_50100_equity_concave
rema_50100150__rema_100150_equity_concave,-128290.14539999921,-1382.901453999992,-475.0356497205682,rema_50100150__rema_100150,153.0,rema_50100150__rema_100150_equity_concave
rema_50100150__rsma_100150_equity_convex,-139567.86929999982,-1495.6786929999982,-156.2886724780092,rema_50100150__rsma_100150,121.0,rema_50100150__rsma_100150_equity_convex
rbo_20__rsma_100150_equity_convex,-171625.57209999993,-1816.2557209999993,-155.1590416655364,rbo_20__rsma_100150,167.0,rbo_20__rsma_100150_equity_convex
rema_50100150__rbo_100_equity_convex,-1044111.0718000005,-10541.110718000004,-757.2095452852618,rema_50100150__rbo_100,80.0,rema_50100150__rbo_100_equity_convex
rema_50100150__rbo_100_equity_concave,-1398017.8121000023,-14080.178121000023,-782.3588740017569,rema_50100150__rbo_100,80.0,rema_50100150__rbo_100_equity_concave
rbo_20_equity_constant,,,0.0,rbo_20,,rbo_20_equity_constant
rbo_20_equity_concave,,,0.0,rbo_20,,rbo_20_equity_concave
rbo_20_equity_convex,,,0.0,rbo_20,,rbo_20_equity_convex
rbo_50_equity_constant,,,0.0,rbo_50,,rbo_50_equity_constant
rbo_50_equity_concave,,,0.0,rbo_50,,rbo_50_equity_concave
rbo_50_equity_convex,,,0.0,rbo_50,,rbo_50_equity_convex
rbo_100_equity_constant,,,0.0,rbo_100,,rbo_100_equity_constant
rbo_100_equity_concave,,,0.0,rbo_100,,rbo_100_equity_concave
rbo_100_equity_convex,,,0.0,rbo_100,,rbo_100_equity_convex
rsma_50100_equity_constant,,,0.0,rsma_50100,,rsma_50100_equity_constant
rsma_50100_equity_concave,,,0.0,rsma_50100,,rsma_50100_equity_concave
rsma_50100_equity_convex,,,0.0,rsma_50100,,rsma_50100_equity_convex
rsma_100150_equity_constant,,,0.0,rsma_100150,,rsma_100150_equity_constant
rsma_100150_equity_concave,,,0.0,rsma_100150,,rsma_100150_equity_concave
rsma_100150_equity_convex,,,0.0,rsma_100150,,rsma_100150_equity_convex
rsma_50100150_equity_constant,,,0.0,rsma_50100150,,rsma_50100150_equity_constant
rsma_50100150_equity_concave,,,0.0,rsma_50100150,,rsma_50100150_equity_concave
rsma_50100150_equity_convex,,,0.0,rsma_50100150,,rsma_50100150_equity_convex
rema_50100_equity_constant,,,0.0,rema_50100,,rema_50100_equity_constant
rema_50100_equity_concave,,,0.0,rema_50100,,rema_50100_equity_concave
rema_50100_equity_convex,,,0.0,rema_50100,,rema_50100_equity_convex
rema_100150_equity_constant,,,0.0,rema_100150,,rema_100150_equity_constant
rema_100150_equity_concave,,,0.0,rema_100150,,rema_100150_equity_concave
rema_100150_equity_convex,,,0.0,rema_100150,,rema_100150_equity_convex
rema_50100150_equity_constant,,,0.0,rema_50100150,,rema_50100150_equity_constant
rema_50100150_equity_concave,,,0.0,rema_50100150,,rema_50100150_equity_concave
rema_50100150_equity_convex,,,0.0,rema_50100150,,rema_50100150_equity_convex
rrg_equity_constant,,,0.0,rrg,,rrg_equity_constant
rrg_equity_concave,,,0.0,rrg,,rrg_equity_concave
rrg_equity_convex,,,0.0,rrg,,rrg_equity_convex
